Rot_X (deg),Rot_Y (deg),Rot_Z (deg),Gyro_Time (ns),Gyro_X,Gyro_Y,Gyro_Z
0.05801185169243869,-0.125794497971729,0.07517944297619915,1022700463669070,0.052534252,-0.03617087,0.011881223
0.1840115122142085,-0.21976732190313747,0.14599294169500796,1022700498079018,0.054977708,-0.06427065,0.059528667
0.26626122789734796,-0.324134034755087,0.2921045067957506,1022700530036622,0.045203872,-0.033727415,0.08518499
0.4149233618205139,-0.43560684133452554,0.4631054158843756,1022700564456726,0.08307748,-0.10092253,0.0900719
0.5161605602878517,-0.7016734127103136,0.5946044983570653,1022700596407924,0.020769283,-0.18522185,0.04364619
0.5622727866961568,-1.08955849397875,0.6426680155453812,1022700630823340,0.05131252,-0.16567418,-0.0064447187
0.7282599194500295,-1.2812501343197937,0.5975922504010086,1022700662784903,0.0965165,-0.06427065,-0.040653147
0.7537221616884034,-1.4373479035164596,0.47039341206072205,1022700697196309,-0.09529502,-0.11436156,-0.10418308
0.5045221444119997,-1.6255581471565332,0.2700446246611879,1022700731614695,-0.08796464,-0.06060546,-0.077305034
0.4880719410809131,-1.6800499031626426,0.23328135088251153,1022700763571726,0.07330365,-0.04472298,0.0192116
0.6635090490936967,-1.8774476337663801,0.2247324171309282,1022700797982872,0.054977708,-0.15590036,-0.051648706
0.6852963137617925,-2.243876633778395,0.05969424343340984,1022700829938184,-0.007330493,-0.23409104,-0.10907
0.7677210082466802,-2.7018491605017343,-0.09935457267553022,1022700864355684,0.10018169,-0.20110434,-0.038209684
0.8824331911585269,-3.025753181392937,-0.13016784997753392,1022700896314122,-0.0158826,-0.162009,-0.010109909
0.7231830885303823,-3.505338188945839,-0.17205425596165685,1022700930731153,-0.10140366,-0.3648161,-0.02354893
0.7051578847105002,-4.288879340099617,-0.19394254182883489,1022700962688965,0.12339456,-0.41246355,-0.019883744
1.025757378250541,-4.905489238358228,-0.3232413805677923,1022700997098705,0.084299214,-0.18766531,-0.10784827
0.9401822149085325,-5.244636855103681,-0.5572776435154595,1022701031514643,-0.12095133,-0.23042586,-0.1212873
0.7496071532146252,-5.83585317077645,-0.7813782663939619,1022701063476309,-0.057421397,-0.36603782,-0.09440924
0.766581905408887,-6.578025457764629,-0.9890770470600054,1022701097886049,0.059864625,-0.37703338,-0.15549572
0.7958941657984622,-7.2829916703540665,-1.3595650541286575,1022701129848445,-0.043982375,-0.3855855,-0.20558663
0.6748815370158638,-8.068213925515385,-1.728438701043327,1022701164259382,-0.042760644,-0.40879837,-0.15183052
0.606631379566267,-8.984667462532707,-1.9651393161438537,1022701196215997,-0.05253448,-0.5822839,-0.10296135
0.4733687526239693,-10.164601871840766,-2.113250638236586,1022701230631570,-0.036652,-0.5016498,-0.038209684
0.5722434501504169,-10.916380542541846,-2.0716139765626,1022701262591934,0.1295032,-0.3574857,0.06808078
0.7943180272292749,-11.688302802173107,-1.9358755388985935,1022701297003340,0.058642894,-0.41002008,0.059528667
0.8256427668522016,-12.51220002148395,-1.84336206017216,1022701331422247,-0.009773952,-0.4307895,0.02409852
0.8288800472620232,-13.406866068429384,-1.8217628821964724,1022701363379330,0.018325828,-0.50775844,-0.005222991
0.8894297646745081,-14.247125777778923,-1.8744117793716044,1022701397791101,0.0378735,-0.3073948,-0.044318333
0.9265295179286182,-14.734917178901194,-1.9764499968291427,1022701429746361,-0.0036653066,-0.24753007,-0.057757355
0.89782930811562,-15.336827080743264,-2.059198866754386,1022701464163445,-0.025656436,-0.3574857,-0.013775095
0.8280041520679885,-16.12351823568213,-2.1131996237847877,1022701496119695,-0.045204107,-0.4686631,-0.04798352
0.774191464136654,-16.980665426987482,-2.2324359654447954,1022701530538757,-0.017104328,-0.35992917,-0.05409217
0.6303413499171648,-17.58922533339845,-2.3125598416934783,1022701564955215,-0.11728615,-0.28662542,-0.05409217
0.4141288117563559,-18.28281656761214,-2.469285520494448,1022701596906257,-0.091629826,-0.46621966,-0.10784827
0.30729116978311194,-19.195088712355396,-2.694309280940352,1022701631320424,-0.03176508,-0.41368526,-0.098074436
0.3264534362647995,-19.97512987060353,-2.8495474640455765,1022701663283965,0.06963846,-0.45888925,-0.077305034
0.5340905158220826,-21.066776865904217,-2.9732463037506367,1022701697693757,0.08796439,-0.60671854,-0.045540057
0.614590230110637,-22.192792743856394,-3.0519220372651548,1022701729652038,0.014660637,-0.5835057,-0.033322766
0.6695399522134505,-23.32958969934938,-3.0519834796548224,1022701764070424,0.04886906,-0.518754,0.033872355
0.7618521596756809,-24.245255729511808,-3.0113093170898604,1022701796023393,0.028099664,-0.49554116,-0.036987953
0.6827519918751078,-25.4369151521528,-3.2265330860124135,1022701830438757,-0.086742915,-0.70323515,-0.15427399
0.669626764813994,-26.801211902195313,-3.455756845107067,1022701864857924,0.11850763,-0.5798405,-0.04920525
1.0089512622251702,-27.77795288132693,-3.4524451510852106,1022701896811570,0.18448102,-0.54196686,0.020433329
1.2319008353102288,-29.009687253247588,-3.4438440997661854,1022701931230163,0.030543119,-0.6641398,-0.013775095
1.2445006076696343,-30.082503180592212,-3.4615323888997245,1022701963187247,0.008551992,-0.43811986,-0.00033607334
1.2277878888994256,-30.86938792937568,-3.451443839369669,1022701997598497,-0.046425834,-0.43323296,-0.0015578009
1.0333628326458548,-31.81217894323154,-3.501419601901486,1022702029554330,-0.13927726,-0.5492973,-0.057757355
0.8238002762072556,-32.838113498533325,-3.59379346719984,1022702063975424,-0.045204107,-0.4686631,0.008216035
0.8028000771691951,-33.719917055507686,-3.4615943876500355,1022702095927924,-0.025656436,-0.51264536,0.115728214
0.5879000246023695,-34.80543905104813,-3.337843437848902,1022702130346934,-0.17959434,-0.49920636,-0.030879311
0.2354500925639884,-35.63869876097862,-3.5092297467835634,1022702164762976,-0.13561209,-0.38680723,-0.098074436
0.10918748058221427,-36.55165232084666,-3.6459179370504713,1022702196714382,-0.021991245,-0.6018316,-0.055313893
-0.05023761689269131,-37.83544916172334,-3.7834417669242493,1022702231130424,-0.17837262,-0.6616964,-0.10662654
-0.4236875128107354,-38.938540034290824,-4.052779854974313,1022702263092507,-0.15149456,-0.4845456,-0.1713782
-0.5394501470066221,-39.8384746831287,-4.364603550634098,1022702297502195,-0.01343914,-0.5065367,-0.13716978
-0.6232752922236777,-40.93876557684155,-4.557904202711347,1022702329464799,-0.07941253,-0.62015754,-0.07363984
-0.8135878698479019,-42.183362420112154,-4.716865516419334,1022702363879122,-0.09285156,-0.6311531,-0.07241811
-0.9479004944900067,-43.675496557280944,-4.735126946440966,1022702398290788,0.020769283,-0.9170378,0.08762844
-0.661075956911795,-45.73251164964683,-4.430553018832418,1022702430252507,0.23090675,-1.1992574,0.21713176
-0.39743891208244775,-47.95859518119853,-4.075889776184829,1022702464666778,-0.03176508,-0.9329203,0.093737096
-0.6331639295998515,-49.22776091309059,-4.014740633514157,1022702496620372,-0.15149456,-0.46011102,0.0106594935
-0.793989029966594,-50.21510800277634,-3.929227149014337,1022702531039174,-0.012217411,-0.62748796,0.080298066
-0.7300267977416781,-51.59802365378717,-3.7553781045413315,1022702562996257,0.067195006,-0.78997797,0.07052423
-0.6463771005523512,-52.94788292091853,-3.7044270907335433,1022702597407663,-0.01343914,-0.49676287,-0.010109909
-0.8030021905247091,-53.65416163657717,-3.6772279178635787,1022702629364590,-0.123394795,-0.37947685,0.058306944
-1.0277022379093927,-54.77065860141824,-3.536064481813632,1022702663785163,-0.0989602,-0.69101787,0.039981
-1.249252265967512,-56.05994934623257,-3.5363402849175167,1022702695737090,-0.1576032,-0.6433704,-0.030879311
-1.6787021328871978,-57.21407128924034,-3.6978390979941427,1022702730151934,-0.2773327,-0.5468538,-0.12861767
-2.249901885805359,-58.35358075298618,-3.94421284066112,1022702764568028,-0.27977616,-0.5883926,-0.08707887
-2.731239205992972,-59.46209665351858,-4.013351088661958,1022702796524174,-0.21746796,-0.58717084,-0.00033607334
-3.0025767117723903,-60.50553120342889,-4.012362532463735,1022702830945111,-0.06963869,-0.44300678,-0.013775095
-3.1955142651682427,-61.36922229396525,-4.043700809456458,1022702862902143,-0.1734857,-0.5224192,-0.00033607334
-3.663376604934181,-62.56473168215993,-3.9837373024775236,1022702897312351,-0.23090698,-0.63726175,0.06441559
-3.9611390671780025,-63.62967260326474,-3.8635257113778736,1022702929274799,-0.090408094,-0.4698848,0.038759273
-4.126164164546242,-64.43256983935858,-3.8482746669978054,1022702963689330,-0.11728615,-0.37092474,-0.012553364
-4.478264075235182,-65.17717351858701,-3.9082254193446406,1022702995641934,-0.2565633,-0.4271243,-0.056535624
-4.931776427042469,-66.04412070965198,-4.079786725847611,1022703030057090,-0.15027283,-0.4356764,-0.11151345
-5.141951469706105,-66.86983683003628,-4.3138623434041135,1022703062013393,-0.1111775,-0.44911543,-0.13839151
-5.416788966529061,-67.74964650247797,-4.605298560621456,1022703096432351,-0.14172073,-0.39291587,-0.13228285
-5.576826565340764,-68.34403141441628,-4.766184875870651,1022703130849695,-0.018326059,-0.2609691,-0.03576622
-5.604039258559381,-68.92501023766201,-4.831298123912613,1022703162806882,-0.03176508,-0.356264,-0.063866004
-5.738614381122425,-69.73814496904771,-4.988596940632318,1022703197218861,-0.09529502,-0.43201122,-0.078526765
-5.904514463395809,-70.44958617911232,-5.106472647258972,1022703229176153,-0.085521184,-0.30372962,-0.04920525
-6.079164551138101,-70.99733362069539,-5.200509009989648,1022703263595215,-0.07574735,-0.3147252,-0.040653147
-6.157914700862255,-71.68094984590714,-5.266497258621474,1022703295548705,-0.0024435753,-0.40146798,-0.04187487
-6.144527444425796,-72.36860968494815,-5.4192460809112335,1022703329962976,-0.0036653066,-0.252417,-0.1005179
-6.1629901454824445,-72.71972620310645,-5.556021776873599,1022703361920788,-0.01466087,-0.16078728,-0.039431415
-6.238852814287603,-73.13788625824564,-5.618820662814323,1022703396340632,-0.05986486,-0.23897797,-0.04676179
-6.352340450659749,-73.58999628797119,-5.7328070078106474,1022703430756518,-0.06353005,-0.21209991,-0.038209684
-6.482978058142386,-73.90768782274402,-5.786720263442775,1022703462714018,-0.07452562,-0.12535712,-0.036987953
-6.632340673936579,-74.13124803827596,-5.913481599518587,1022703497123445,-0.08063426,-0.15467864,-0.082191944
-6.813465745403053,-74.45033957321905,-6.081582273167844,1022703529086361,-0.085521184,-0.1119181,-0.10173963
-6.844090952677125,-74.60319984711589,-6.252006086775001,1022703563501049,0.034208313,-0.07526621,-0.057757355
-6.818803689056482,-74.70082906581791,-6.333481821274671,1022703595458757,-0.0158826,-0.031283952,-0.028435849
-6.8080414306725485,-74.87818931354553,-6.347018250836891,1022703629874590,0.05131252,-0.21209991,0.006994307
-6.7031292385083665,-75.45540564542036,-6.367156536919496,1022703661830945,0.015882365,-0.3232773,-0.043096602
-6.937979275119202,-75.90690316965514,-6.505380367451377,1022703696243132,-0.24556772,-0.13635269,-0.077305034
-7.42850409172428,-76.10928840074915,-6.605979225044791,1022703730662038,-0.17715089,-0.13146576,-0.028435849
-7.614879150615494,-76.51211737224355,-6.665492479495958,1022703762619643,-0.045204107,-0.2609691,-0.056535624
-7.668079337818797,-76.90061495184077,-6.817016298109444,1022703797031205,-0.0085522225,-0.1204702,-0.06142254
-7.650317068936249,-77.0137316554796,-6.8701420561213205,1022703828988445,0.014660637,-0.045944706,-0.00033607334
-7.637629813561158,-77.3002918160788,-6.865828501004773,1022703863408393,-0.0085522225,-0.22920412,-0.011331636
-7.723292458383998,-77.71563327696457,-6.956404230953355,1022703895366205,-0.06353005,-0.17666975,-0.09196578
-7.784717639407864,-77.95923097537258,-7.192540486206666,1022703929775580,0.012217178,-0.0997008,-0.12495248
-7.764067873176753,-78.29249749963175,-7.44621608609367,1022703961733549,-0.019547787,-0.2573039,-0.15183052
-7.821993057019274,-78.8313199676133,-7.748677286120426,1022703996149226,-0.0024435753,-0.21698684,-0.14327842
-7.7249558723769045,-79.02950520822321,-8.001438530737115,1022704030564955,0.054977708,-0.02395358,-0.1005179
-7.735018578470857,-79.10797194370794,-8.159389214360276,1022704062526882,-0.046425834,-0.056940272,-0.0883006
-7.763543786991323,-79.20710725989672,-8.31861302753619,1022704096937143,0.024434473,-0.010514554,-0.04920525
-7.724956534085866,-79.11993663598658,-8.366138789376091,1022704128899903,0.013438909,0.10188455,-0.0076664463
-7.647956830894367,-78.73992235974492,-8.363575233905893,1022704163314903,0.08674268,0.27537012,0.00088565797
-7.426932240084805,-78.15251466355895,-8.343201055125235,1022704195272351,0.14049877,0.3694433,0.047311377
-7.177382691552736,-77.2580883435874,-8.105875210502111,1022704229690007,0.103846885,0.5490375,0.18658853
-7.081745506486212,-75.98706234306904,-7.700462005262203,1022704264098393,-0.024434704,0.70419717,0.202471
-7.2014456246795415,-74.59045533412521,-7.3231756405275465,1022704296056830,-0.0781908,0.78605306,0.18903199
-7.267858303316757,-73.01274204200365,-7.023287350308424,1022704330476049,0.025656201,0.78605306,0.1145065
-7.159971111166713,-71.5214601093678,-6.791863354212293,1022704362433393,0.06841673,0.836144,0.143828
-7.1004713967202795,-69.66112211223063,-6.45312509790653,1022704396845215,-0.0024435753,1.0194033,0.18170162
-7.091371620091112,-67.81004051183444,-6.099288711852531,1022704428808184,0.026877932,0.9302171,0.21224484
-7.024259407959128,-66.11367736194917,-5.645138052832595,1022704463222924,0.040316954,0.759175,0.20002756
-6.929409719964248,-64.83801386323918,-5.352774749938926,1022704497632976,0.03298658,0.5319333,0.11328477
-6.9969598802078155,-63.91355648039506,-5.126425750431478,1022704529595163,-0.12095133,0.48428586,0.13771935
-7.359472300444302,-62.84395530321496,-4.8307374501234985,1022704564011778,-0.1905899,0.5759156,0.13405417
-7.635359777377257,-61.681935589637966,-4.654875906435237,1022704595963340,-0.12095133,0.68587124,0.06685905
-7.908797275319079,-60.181572279530265,-4.470312512375393,1022704630376726,-0.15638149,0.76894885,0.13405417
-8.170334768733806,-58.87929020014449,-4.14666359879388,1022704662342038,-0.09407329,0.61623263,0.1853668
-8.274372415737957,-57.69506411349735,-3.837587813016725,1022704696755736,-0.043982375,0.60523707,0.12672378
-8.4238225092243,-56.43425700146648,-3.6168388123283144,1022704728715111,-0.1197296,0.7384056,0.10473266
-8.690960009980817,-54.96373116826493,-3.4115379379571538,1022704763125059,-0.123394795,0.73229694,0.11939341
-8.868760083889738,-53.664686582603345,-3.170576451739328,1022704795087247,-0.057421397,0.6394455,0.115728214
-8.936310258084825,-52.53602292917001,-2.9624755791761834,1022704829499486,-0.018326059,0.5123856,0.14504972
-8.988985444955695,-51.37533433262859,-2.5010624065156164,1022704863918809,-0.057421397,0.72741,0.3222005
-9.164773016426478,-49.8770524213434,-1.8636387420530127,1022704895872195,-0.11239923,0.7555098,0.31975704
-9.426835528830576,-48.752501297102924,-1.2904006574012061,1022704930291934,-0.1576032,0.4439688,0.2647792
-9.727310486149236,-47.75594395884567,-0.8460018503487704,1022704962244538,-0.13072516,0.66998875,0.2232404
-9.896798080416614,-46.20185571838867,-0.29402625525736914,1022704996665788,-0.048869293,0.7775009,0.35030028
-10.017373194902625,-45.1261984360422,0.4357973323519551,1022705028618809,-0.09285156,0.31446546,0.43093443
-10.17802329984965,-44.86824656020814,1.3515101208838423,1022705063038965,-0.085521184,0.08844553,0.44926038
-10.477710775380313,-44.479919801531786,2.1746479927830222,1022705097449174,-0.2064724,0.27781358,0.36984795
-10.780110738394116,-43.92278708924332,2.7519592172116805,1022705129411361,-0.09407329,0.2741484,0.22201867
-11.108673197222297,-43.399710448284715,3.0675099990316084,1022705163827872,-0.33231053,0.30957854,0.13405417
-11.974310159144315,-42.71561534638019,3.397196400948322,1022705195780320,-0.5094613,0.3853258,0.24278808
-12.776072219741776,-41.967401398491674,3.924934520530926,1022705230197976,-0.2809979,0.3193524,0.2269056
-13.141297121015631,-41.509493593080876,4.272733410371552,1022705262154278,-0.14660765,0.1861839,0.14627145
-13.572759492163952,-40.85044206960149,4.565971708053888,1022705296569278,-0.29932383,0.47573376,0.14504972
-14.263309131220772,-39.969297137639394,4.82793316789166,1022705328532351,-0.40683603,0.3950996,0.12428033
-15.065421188100768,-39.40684552564224,5.015121562933275,1022705362946778,-0.36407548,0.17885351,0.07663289
-15.533808504027476,-39.13102507402836,5.2436580572905545,1022705394904695,-0.12583825,0.15197545,0.1853668
-15.812408501245407,-38.69789834642885,5.707958717366028,1022705429321101,-0.26022848,0.32179585,0.23179251
-16.665357997478814,-37.92570941433481,6.024909494486102,1022705463735893,-0.53389585,0.3950996,0.09984574
-17.635907369074115,-37.28422677504445,6.247933497725155,1022705495690684,-0.4923571,0.27170494,0.17070605
-18.528931841086496,-36.94647496599386,6.714421655515251,1022705530109538,-0.40683603,0.10188455,0.26722267
-19.357556369723397,-36.75911692846234,7.125132995040962,1022705562061934,-0.52412206,0.15441892,0.15848875
-20.52813054658171,-36.3293151995663,7.378646327837284,1022705596484174,-0.5412262,0.23871824,0.12794551
-21.31326759074354,-35.93353234701244,7.649795289105902,1022705628440320,-0.3103194,0.1617493,0.15482356
-21.870904856828375,-35.628768011347866,7.930783599944458,1022705662856934,-0.2944369,0.16907966,0.112063035
-22.57869197698833,-35.19177268918817,8.105507637702116,1022705694809486,-0.4886919,0.31813067,0.0900719
-23.890578533569936,-34.50437117891205,8.361820969836343,1022705729227976,-0.763581,0.30224818,0.19880582
-25.1489151353833,-34.16485077971065,8.887944720670594,1022705761187976,-0.5742129,0.087223805,0.338083
-26.351251784816153,-33.97611134057698,9.47238279737414,1022705795598184,-0.6902772,0.17030141,0.20980139
-27.914525633078487,-33.517959634910966,9.7378836243502,1022705830013080,-0.79290247,0.22283578,0.092515364
-29.24277466179386,-33.18036422127957,10.01795757297132,1022705861968028,-0.59742576,0.120210506,0.23179251
-30.236949029190335,-33.1489496502682,10.575445673075174,1022705896388549,-0.45814866,-0.031283952,0.27699652
-31.26376082728069,-33.16931643528277,10.963407032931073,1022705928351049,-0.6768382,0.009033117,0.13649762
-32.75134724158233,-33.209476802141864,11.17002040750664,1022705962766101,-0.70005107,-0.0911487,0.10351093
-33.76494656702684,-33.38874345076561,11.443269362226816,1022705994723705,-0.40683603,-0.06304892,0.19880582
-34.56250862639724,-33.40239134015255,11.887182524522519,1022706029136465,-0.48624843,0.011476576,0.21224484
-35.68434536308329,-33.5509641146326,12.217258292800468,1022706063556153,-0.53389585,-0.1778915,0.12183687
-36.409369959333006,-33.983980560748094,12.471957264780709,1022706095520215,-0.23335044,-0.26219082,0.1731495
-36.697507450110386,-34.453065583138276,12.94509542069393,1022706129929174,-0.11728615,-0.17178285,0.29165727
-37.10595732020535,-34.631719731642754,13.514531641747556,1022706161886465,-0.3396409,-0.052053355,0.2806617
-37.890831890968826,-34.84311745528338,13.881094877892801,1022706196301205,-0.38851008,-0.16078728,0.08885017
-38.62644398452249,-35.143571507878775,13.935156526514216,1022706228260111,-0.4141664,-0.121691935,-0.027214117
-39.41683104669068,-35.25889431431773,13.794395196613698,1022706262677195,-0.32009324,-0.003184177,-0.077305034
-39.80743093592132,-35.231661139720046,13.716681959386385,1022706294634538,-0.13683382,-0.026397035,0.0045508444
-40.15533087474729,-35.41899638448913,13.80088294747048,1022706329049747,-0.2028072,-0.08015313,0.041202728
-40.30259346574914,-35.36831322668443,13.78415715765653,1022706361008236,0.067195006,0.14342335,-0.07363984
-40.07115640148837,-35.12217383908228,13.566308385245518,1022706395423705,0.07819056,0.053015374,-0.1298394
-40.06048164447406,-35.121646741889045,13.273122178021127,1022706429837351,-0.029321622,0.002924472,-0.16282609
-40.03073188555855,-35.044013609575934,12.945246640012407,1022706461797872,0.03176485,0.038354624,-0.16526955
-40.21719445795177,-35.08583647504192,12.739560365293872,1022706496208705,-0.05986486,0.10066283,-0.034544498
-39.80017002449986,-35.12020325137881,12.675322114976982,1022706528167299,0.19669832,0.0041461997,-0.028435849
-39.33335815916328,-35.14260113300649,12.546723276466409,1022706562586830,0.26878035,-0.03617087,-0.116400376
-38.797946326305826,-35.17399290827605,12.291997674410522,1022706594544955,0.35063624,0.0065896586,-0.15305226
-37.76133490445939,-35.08561588376978,11.921461530292712,1022706628957715,0.64996,0.10066283,-0.19336933
-36.5377360834577,-34.91120783295234,11.617385971544373,1022706660918236,0.6084212,0.031024247,-0.13228285
-35.4677871595706,-34.96300568944372,11.428412179709321,1022706695335632,0.5253436,-0.053275086,-0.06875292
-34.251975849140045,-34.99695356338057,11.244425881632283,1022706729750372,0.6511817,0.038354624,-0.116400376
-33.117276967689996,-34.888257957360544,11.00728776770503,1022706761708445,0.5558868,0.05057192,-0.13472632
-32.06369052811202,-34.8662058767468,10.743764031009249,1022706796120736,0.4984655,-0.0044059083,-0.10296135
-31.08771652031172,-34.821822715160536,10.647325806497927,1022706828078809,0.5522216,0.02369387,-0.016218554
-30.032380090010484,-34.81000812660859,10.660039354056156,1022706862498757,0.5070176,-0.032505684,0.011881223
-29.039431084532154,-34.91069984268403,10.634213572632111,1022706894456882,0.5705476,-0.045944706,-0.04187487
-27.871482213182688,-34.94079771899589,10.52258972313358,1022706928871778,0.5754345,0.018806953,-0.04920525
-26.858933218211885,-34.91487704307711,10.495626442282001,1022706960830736,0.5021307,0.0041461997,0.01798987
-25.842446797112373,-34.88564996950104,10.49005250449984,1022706995246049,0.57909966,0.012698308,-0.06264427
-24.485848103889026,-34.85896039345299,10.252516251081595,1022707029663861,0.71104646,0.034689434,-0.13961324
-23.364624224346574,-34.72401480726581,10.064203095842007,1022707061620268,0.4618136,0.12509742,-0.040653147
-22.599175092199477,-34.36990050087131,10.09266662880763,1022707096030736,0.41050097,0.2326096,0.053420026
-21.51015118935815,-33.89116770859431,10.177703252530863,1022707127989695,0.735481,0.25093555,0.032650623
-20.095627561693636,-33.51019093129558,10.280716722292834,1022707162410163,0.5864301,0.12754086,0.08762844
-19.18860350910236,-33.32362039288404,10.509253219514905,1022707194367872,0.45937017,0.10066283,0.14016281
-18.218229582197303,-32.97388109194555,10.75156656197837,1022707228780736,0.47158745,0.2863657,0.08762844
-17.392318008004146,-32.269767095348186,10.802692573759835,1022707263199590,0.37751427,0.37188676,-0.027214117
-16.656006355184743,-31.654709435010815,10.713866843630205,1022707295155997,0.4080575,0.29247433,-0.056535624
-16.063544583963967,-31.059182853815706,10.591393004665006,1022707329573393,0.1331684,0.36455637,-0.06630946
-15.928882414214938,-30.166225429324513,10.509304771908186,1022707361531361,0.09285132,0.5734721,-0.018662013
-15.651507879039515,-28.967911855332584,10.556843288798449,1022707395943549,0.1417205,0.57102865,0.09495883
-15.455595770129815,-28.08571692449611,10.88127970207289,1022707427905163,0.084299214,0.3779954,0.21346657
-15.38830856058709,-27.347740457575483,11.27409291437458,1022707462322715,-0.046425834,0.42075592,0.16826259
-15.618258593820876,-26.381739181269893,11.557706222255817,1022707496737611,-0.13439035,0.50749874,0.12794551
-15.743821204070247,-25.412481825205433,11.824917682911218,1022707528695424,0.018325828,0.52582467,0.16337568
-15.585446577515322,-24.41900559470698,12.168205938158973,1022707563112299,0.0965165,0.45374262,0.17925815
-15.555259321950336,-23.61039809936628,12.505854836970826,1022707595069851,-0.109955765,0.4647382,0.18903199
-16.00273417360517,-22.560221893125764,12.885718063632748,1022707629486361,-0.28344136,0.5392637,0.19025372
-16.429646527190375,-21.632701999300448,13.193791988300886,1022707661444070,-0.13561209,0.4561861,0.13649762
-16.595634122321187,-20.682188231995873,13.415367853675917,1022707695855268,-0.1197296,0.54170716,0.097402275
-17.041183961476996,-19.53189352244125,13.649679342701676,1022707727813965,-0.32253668,0.6443324,0.15482356
-17.710296117487427,-18.421079880668692,13.991567599211535,1022707762233601,-0.35063645,0.4561861,0.18781026
-18.45710819736325,-17.600922391980333,14.460816400155064,1022707794186622,-0.4349358,0.47695547,0.32464397
-19.284945223442445,-16.551621191844404,15.093116944587571,1022707828604851,-0.3677407,0.5490375,0.27577478
-19.955369880373482,-15.528219964420405,15.539480117387093,1022707863023757,-0.37018412,0.45496437,0.19147544
-20.78854438646646,-14.656875021474969,15.953428954217992,1022707894983393,-0.4557052,0.52582467,0.26722267
-21.322556672649718,-13.51088642135008,16.541892017176693,1022707929398340,-0.061086584,0.5820242,0.29532245
-21.373219345924092,-12.487904094113063,17.09829075978664,1022707961355893,-0.072082154,0.48306414,0.31975704
-21.728469280881352,-11.63959022393173,17.785716241900715,1022707995769122,-0.23335044,0.40243,0.33930472
-22.139806648417967,-10.856707694925428,18.370202455653416,1022708027722195,-0.2150245,0.42564285,0.29410073
-22.510719061798014,-10.076468765970365,18.92725304232012,1022708062134486,-0.14294246,0.3450087,0.27455306
-22.73795658993021,-9.469636090250425,19.444276822485886,1022708094105372,-0.1197296,0.312022,0.27699652
-22.9307191651667,-8.838584547258474,19.962214934430698,1022708128520684,-0.054977942,0.34256524,0.25378364
-22.952331879118464,-8.143045554479395,20.46125306878543,1022708162937247,0.019547556,0.30835682,0.24034463
-22.935532108704745,-7.682250257356505,20.864789407527944,1022708194894799,0.0024433425,0.20328811,0.1853668
-22.876732391147023,-7.311685972416587,21.140177723343307,1022708229308288,0.04886906,0.19595772,0.093737096
-22.830445148350943,-6.927278103251862,21.27088930884462,1022708261269851,-0.0036653066,0.21672711,0.07052423
-22.714770478660792,-6.55295132722753,21.392190262236703,1022708295680372,0.16004644,0.120210506,0.058306944
-22.278846069051184,-6.448193217738402,21.530864337686044,1022708327639070,0.26755863,0.013920035,0.097402275
-21.930509097356417,-6.358941194117643,21.742552710640787,1022708362054174,0.04886906,0.10066283,0.110841304
-21.85700937518169,-6.14997067074319,21.88271428429256,1022708394016934,0.085520945,0.11776704,0.031428892
-21.50814740261734,-5.932793755661478,21.871452852415146,1022708428430163,0.24068058,0.08478034,-0.008888178
-21.06916050637727,-5.7586668044557205,21.898778888001555,1022708462845007,0.16859855,0.120210506,0.01798987
-20.770435973797394,-5.511808821065086,21.812403153034793,1022708494808028,0.19547659,0.11898876,-0.11884384
-20.128449249819862,-5.355269354048873,21.46811698435723,1022708529219018,0.48013958,0.035911165,-0.19581279
-18.94352540800785,-5.387798627198983,21.164653926802448,1022708561182299,0.7684677,-0.06427065,-0.09196578
-17.279189504521014,-5.5824838644467585,21.16782998107339,1022708595594330,0.8478801,-0.11313983,0.07663289
-15.704540989428724,-5.815475471637973,21.307379058330127,1022708627549382,0.8478801,-0.14123961,0.054641757
-13.966442641203795,-6.050498175967994,21.287280131742257,1022708661963132,0.9040797,-0.071601026,-0.077305034
-12.217756779918572,-6.105077429433295,21.11226696350998,1022708693931049,0.93950987,0.009033117,-0.06875292
-10.423308465841856,-6.086962845873275,21.025580593258002,1022708728347038,0.86864954,-0.039836057,-0.038209684
-8.666660140606565,-6.254523105945024,20.952369215244953,1022708762763601,0.8955276,-0.0911487,-0.032101035
-6.933199265506402,-6.3927522900513045,20.86616848495118,1022708794721309,0.9578358,-0.06915756,-0.06875292
-5.1445259513264,-6.626112493167481,20.743694644983307,1022708829134070,0.799011,-0.17422631,-0.034544498
-3.6978023247586584,-7.044428951460802,20.731081352247937,1022708861095945,0.8087848,-0.26829946,0.015546411
-1.9485914916098435,-7.635138865548321,20.748344895962152,1022708895507351,0.86864954,-0.27074292,0.0021073893
-0.5198928637430933,-8.013030356077323,20.720944115599153,1022708927465840,0.65851206,-0.15467864,-0.04676179
0.6188310118402726,-8.349815480189774,20.53932031674413,1022708961885788,0.5070176,-0.17178285,-0.098074436
1.6762674456198148,-8.755638045153177,20.420871469262334,1022708996298965,0.5693258,-0.23409104,-0.005222991
2.7884788408519094,-9.294704399066012,20.446320643944844,1022709028257299,0.5852083,-0.34526843,-0.0076664463
3.6880653705602313,-9.983851733229816,20.24868435861739,1022709062676570,0.2663369,-0.2780733,-0.15793918
3.9991273918835084,-10.304255766228753,19.956071283940254,1022709094635372,0.15760298,-0.10458773,-0.14450015
4.597276657305544,-10.570428445807215,19.757822499875793,1022709129051413,0.41660962,-0.162009,-0.04676179
5.295613329946128,-10.877901087079225,19.742273570203082,1022709163468028,0.20280698,-0.12657884,0.0021073893
5.405338021923974,-11.018580266362697,19.72511028132176,1022709195426570,-0.03176508,-0.03617087,-0.02354893
5.476475230051397,-11.22341549349333,19.6855863736286,1022709229842611,0.18936795,-0.21209991,-0.008888178
6.050999529752562,-11.739031870157902,19.656873094834506,1022709261795528,0.3286451,-0.27196467,-0.02965758
6.407648992834511,-12.051579507875358,19.535449252165368,1022709296212195,0.015882365,-0.07526621,-0.09563097
6.293198868798173,-12.3795960414869,19.32272361296248,1022709328169538,-0.11362096,-0.32572076,-0.110291734
6.039711352190943,-13.241205726754975,19.177762289354973,1022709362591309,-0.08796464,-0.5163106,-0.06508773
6.038923636449956,-14.233871718298001,19.029961605211717,1022709394549590,0.067195006,-0.505315,-0.10173963
6.1336858237197855,-15.124356382279927,18.803887841594257,1022709428965736,0.0048868014,-0.40513316,-0.09929617
6.095623122227165,-16.06690349874534,18.68482649571207,1022709463381413,-0.025656436,-0.57006663,-0.012553364
6.031397959770332,-17.27998178831777,18.710100670942673,1022709495340215,-0.04031719,-0.6946831,0.031428892
6.016435239343709,-18.617591086725135,18.7997266538747,1022709529756622,0.03176485,-0.63604003,0.06808078
6.079347474585014,-19.815969362692282,18.951088214779684,1022709561708809,0.0036650738,-0.67757887,0.059528667
5.938384858852839,-21.303728518039566,18.886714323336783,1022709596126726,-0.14172073,-0.78509104,-0.12617421
5.646659891676472,-22.7374816119848,18.61133873835715,1022709628089174,-0.13683382,-0.7459957,-0.15549572
5.463959809221751,-24.24247828352889,18.309752535840616,1022709662504851,-0.05375621,-0.7740955,-0.15427399
5.323259708241148,-25.737481326375082,18.027289455057048,1022709694463809,-0.11484269,-0.8254081,-0.13839151
4.985247262694904,-27.395340341626035,17.74477823579193,1022709728879330,-0.22846352,-0.8058604,-0.14694361
4.492447449841715,-28.943561957640508,17.425167046033554,1022709763296622,-0.21624623,-0.7508826,-0.17015646
4.23624744911747,-30.331202597498343,17.137016471764916,1022709795255111,-0.057421397,-0.7423305,-0.12373075
4.135534803395098,-31.826224265770072,16.960730168823265,1022709829667351,-0.09285156,-0.758213,-0.06630946
3.784659884350317,-33.29637733692729,16.789829499560337,1022709861629174,-0.2858848,-0.8070822,-0.12739594
3.1597351817455244,-34.84197395611393,16.50486828554775,1022709896039903,-0.26633713,-0.73744357,-0.14327842
2.8798226993633245,-36.17160214222741,16.284530154756343,1022709927998445,-0.03543027,-0.69101787,-0.08585714
2.892422456815892,-37.56249887974906,16.1540063199328,1022709962420268,-0.02809989,-0.68979615,-0.04920525
2.671572426765944,-38.80033963817979,16.062905593268578,1022709994378184,-0.17959434,-0.64947903,-0.044318333
2.341434977432762,-40.0739864651094,16.01051919481653,1022710028795997,-0.1197296,-0.6140489,-0.016218554
2.1979348656551054,-41.373970788214855,15.88673284963087,1022710063210476,-0.06353005,-0.67757887,-0.12739594
1.9925723212581445,-42.649261538488275,15.568219802958001,1022710095164122,-0.1698205,-0.6763571,-0.19703452
1.5793974401140891,-43.94215837080316,15.155771195236884,1022710129585840,-0.20402893,-0.63604003,-0.20680836
1.3014099609919685,-45.18866163445045,14.827458159547353,1022710161543288,-0.10262539,-0.6849092,-0.13716978
1.0837974038965044,-46.504133434328054,14.65195935780264,1022710195955997,-0.14294246,-0.6054968,-0.044318333
0.8105349262980659,-47.61317431889937,14.597871100806357,1022710227913393,-0.109955765,-0.6287097,-0.021105472
0.7652097316194076,-49.00879606460532,14.558784692083151,1022710262334330,0.04398215,-0.713009,-0.017440282
0.7987219736122383,-50.23379294488275,14.447335839508352,1022710296750997,-0.050091024,-0.50898015,-0.10784827
0.5846969348849246,-51.18769646729701,14.15419776718453,1022710328708965,-0.16004667,-0.54563206,-0.17259993
0.296646948370613,-52.31373093343246,13.899336526394734,1022710363121570,-0.09407329,-0.5602928,-0.08585714
0.2681217578410259,-53.35609690846047,13.705510876241076,1022710395084799,0.045203872,-0.5346365,-0.14938708
0.33182147080232627,-54.27204405535169,13.333574734817768,1022710429500945,-0.0158826,-0.35992917,-0.18481722
0.2150963513056974,-54.87822286089288,13.066336643943488,1022710461455580,-0.09407329,-0.33549458,-0.10784827
0.0731712327545962,-55.63842013512289,12.881475341480746,1022710495870163,-0.03298681,-0.39535934,-0.09196578
0.0501585364372079,-56.31118638748375,12.719062166043448,1022710527828757,-0.007330493,-0.30372962,-0.051648706
-0.003829150494831281,-56.82445887402252,12.751463196710231,1022710562245424,-0.06475178,-0.23164758,0.06319386
-0.21225419226522035,-57.21731284510936,12.825124832053877,1022710594202924,-0.14782937,-0.19010878,-0.008888178
-0.45952921473267294,-57.53213548394506,12.772563433884923,1022710628620945,-0.06475178,-0.122913666,-0.0223272
-0.47352941807591553,-57.75637709583739,12.745775152134316,1022710660583236,0.030543119,-0.14612651,-0.016218554
-0.44482967561026704,-58.1207246934459,12.707651242785142,1022710694998913,-0.023212973,-0.16689593,-0.0015578009
-0.4666173894651445,-58.38085987681098,12.782752235599375,1022710729416674,0.05131252,-0.11069637,0.07663289
-0.3171677360820087,-58.50508907310861,12.965701270937627,1022710761373757,0.06841673,-0.005627636,0.115728214
-0.2229305467739971,-58.6284618748759,13.217464603700144,1022710795786413,0.020769283,-0.13635269,0.14138454
-0.23518075350685222,-58.87860347122575,13.482138568353031,1022710827744018,-0.01343914,-0.09359216,0.10961957
-0.29599343777758186,-58.963038805107104,13.547177069753435,1022710862160736,-0.07574735,-0.027618766,-0.028435849
-0.6030309018478518,-59.18754291145398,13.47900132218945,1022710894121309,-0.2724458,-0.16689593,-0.018662013
-1.4145054479151065,-59.37365315916445,13.531089835429071,1022710928539903,-0.48502672,0.0065896586,0.06563732
-2.2733174576188597,-59.129876266444164,13.636465805344113,1022710962957247,-0.334754,0.21306193,0.0192116
-2.709242306973571,-58.74958088564907,13.561290064420112,1022710994915945,-0.16859877,0.17641005,-0.12739594
-3.1139296935757956,-58.37184160995272,13.135453965500242,1022711029327247,-0.24556772,0.25215727,-0.2336864
-3.6791794330577328,-57.69500899017614,12.867953379598461,1022711061290528,-0.33353224,0.42197767,-0.038209684
-4.315041626384224,-56.981007507461015,12.791417001125826,1022711096247038,-0.30787593,0.41831246,-0.1298394
-4.814753937258181,-56.13066254200298,12.472991453702637,1022711128840840,-0.2553416,0.4231994,-0.16160436
-5.1309788851408475,-55.706092207478264,12.427828184130473,1022711161436570,-0.042760644,0.022472143,0.115728214
-5.118816611933231,-55.5753466226757,12.702389634686254,1022711194033236,-0.024434704,0.26193112,0.112063035
-5.300466692219073,-54.769557722304626,12.845040567649479,1022711228456830,-0.14660765,0.38899097,0.06319386
-5.504604255428356,-54.40441842980621,13.082978916116094,1022711262872507,-0.020769518,0.037132896,0.16459739
-5.371779588629755,-54.31234781100098,13.298565422255294,1022711294831570,0.108733796,0.14708853,0.03631581
-5.338704850061639,-53.6613462865312,13.238304030311728,1022711329245268,-0.062308315,0.40731692,-0.057757355
-5.508454932194544,-53.08443857765652,13.21099074939609,1022711361205893,-0.07452562,0.1617493,0.0607504
-5.509417665184943,-52.913549124328895,13.451904097705322,1022711395618497,0.058642894,0.11532358,0.13038898
-5.3582180162084185,-52.41337886046465,13.617265649928328,1022711427581570,0.090407856,0.3767737,0.05586348
