Num,X,Y,Z,timestamp(timeIntervalSince1970)
1,0.0025787353515625,-0.9668731689453125,-0.2915496826171875,1652822298.8973022
2,0.0025787353515625,-0.9668731689453125,-0.2915496826171875,1652822298.900402
3,0.012298583984375,-0.9595794677734375,-0.2516021728515625,1652822298.911102
4,0.0064849853515625,-0.9605712890625,-0.1984100341796875,1652822298.921146
5,-0.0128173828125,-0.9696502685546875,-0.1733245849609375,1652822298.931129
6,-0.0302734375,-0.980316162109375,-0.1749114990234375,1652822298.940929
7,-0.0375518798828125,-0.983978271484375,-0.1924896240234375,1652822298.951103
8,-0.048004150390625,-0.9749603271484375,-0.2193756103515625,1652822298.960666
9,-0.0307159423828125,-0.9842681884765625,-0.23248291015625,1652822298.970289
10,-0.0143585205078125,-0.987213134765625,-0.24908447265625,1652822298.981087
11,-0.002044677734375,-0.9808349609375,-0.2544708251953125,1652822298.991153
12,0.0285797119140625,-0.9768829345703125,-0.2496795654296875,1652822299.001117
13,0.046661376953125,-0.9742279052734375,-0.229217529296875,1652822299.011128
14,0.0363006591796875,-0.9675445556640625,-0.202484130859375,1652822299.020957
15,0.0207977294921875,-0.9609832763671875,-0.193817138671875,1652822299.031121
16,0.014312744140625,-0.9647216796875,-0.1976776123046875,1652822299.041101
17,0.0098114013671875,-0.96990966796875,-0.2064361572265625,1652822299.051125
18,0.0036773681640625,-0.9642333984375,-0.216033935546875,1652822299.061187
19,0.009796142578125,-0.9750823974609375,-0.240692138671875,1652822299.071104
20,0.00860595703125,-0.9995574951171875,-0.259124755859375,1652822299.081162
21,-0.0005340576171875,-1.017303466796875,-0.2553253173828125,1652822299.0912461
22,0.0058746337890625,-1.0093536376953125,-0.24188232421875,1652822299.101193
23,0.014251708984375,-1.002410888671875,-0.2408599853515625,1652822299.111129
24,-0.003570556640625,-0.9986114501953125,-0.2468719482421875,1652822299.121148
25,0.01312255859375,-0.98101806640625,-0.2626190185546875,1652822299.131206
26,0.0289306640625,-0.964935302734375,-0.2826080322265625,1652822299.14113
27,0.022857666015625,-0.958740234375,-0.3046875,1652822299.151147
28,0.023834228515625,-0.9477996826171875,-0.32769775390625,1652822299.161003
29,0.036407470703125,-0.9459228515625,-0.3273162841796875,1652822299.1711059
30,0.041595458984375,-0.9467926025390625,-0.32220458984375,1652822299.181157
31,0.0402374267578125,-0.94171142578125,-0.31256103515625,1652822299.1901178
32,0.0416717529296875,-0.9515533447265625,-0.3001556396484375,1652822299.201119
33,0.0249176025390625,-0.9664306640625,-0.2843170166015625,1652822299.211142
34,0.0104827880859375,-0.9598541259765625,-0.26373291015625,1652822299.221115
35,0.025146484375,-0.96173095703125,-0.2570953369140625,1652822299.231195
36,0.033416748046875,-0.96099853515625,-0.285888671875,1652822299.241112
37,0.0396728515625,-0.9634552001953125,-0.3154449462890625,1652822299.251132
38,0.0395050048828125,-0.962890625,-0.3205413818359375,1652822299.2611241
39,0.03509521484375,-0.9569549560546875,-0.3115692138671875,1652822299.271102
40,0.0357208251953125,-0.9582366943359375,-0.2999420166015625,1652822299.2812219
41,0.039947509765625,-0.954833984375,-0.297882080078125,1652822299.291133
42,0.051666259765625,-0.9420166015625,-0.305389404296875,1652822299.301138
43,0.0628662109375,-0.931549072265625,-0.3101043701171875,1652822299.311236
44,0.054840087890625,-0.9333953857421875,-0.3086395263671875,1652822299.321128
45,0.0411529541015625,-0.949310302734375,-0.30291748046875,1652822299.331233
46,0.042694091796875,-0.9513397216796875,-0.282196044921875,1652822299.341167
47,0.0300750732421875,-0.9534912109375,-0.26129150390625,1652822299.3508549
48,0.0208587646484375,-0.9442291259765625,-0.2581634521484375,1652822299.361182
49,0.01971435546875,-0.9430999755859375,-0.2763519287109375,1652822299.370146
50,0.0223846435546875,-0.95892333984375,-0.2805633544921875,1652822299.381239
51,0.016387939453125,-0.970245361328125,-0.2637786865234375,1652822299.391181
52,0.0105743408203125,-0.9668426513671875,-0.2491912841796875,1652822299.4008899
53,0.0198822021484375,-0.9621124267578125,-0.2248687744140625,1652822299.411103
54,0.0063323974609375,-0.9932861328125,-0.196624755859375,1652822299.421135
55,-0.011199951171875,-1.0001068115234375,-0.2004241943359375,1652822299.4312239
56,0.03594970703125,-0.93914794921875,-0.228668212890625,1652822299.4411101
57,0.072021484375,-0.942718505859375,-0.2694244384765625,1652822299.450881
58,0.0827178955078125,-0.9415435791015625,-0.318756103515625,1652822299.461134
59,0.080963134765625,-0.9439849853515625,-0.33892822265625,1652822299.4701362
60,0.057281494140625,-0.9596405029296875,-0.3294525146484375,1652822299.481199
61,0.0396728515625,-0.9695892333984375,-0.303497314453125,1652822299.491106
62,0.0322723388671875,-0.978729248046875,-0.282745361328125,1652822299.500885
63,0.03436279296875,-0.9704132080078125,-0.2756195068359375,1652822299.5112429
64,0.0445098876953125,-0.9603271484375,-0.2635498046875,1652822299.520896
65,0.042236328125,-0.966522216796875,-0.251922607421875,1652822299.531142
66,0.020721435546875,-0.977691650390625,-0.2630615234375,1652822299.540999
67,0.0537872314453125,-0.94390869140625,-0.283782958984375,1652822299.550919
68,0.0839691162109375,-0.9344482421875,-0.304534912109375,1652822299.561203
69,0.0677642822265625,-0.9389190673828125,-0.3272857666015625,1652822299.571137
70,0.0594329833984375,-0.9438018798828125,-0.3203582763671875,1652822299.581234
71,0.05419921875,-0.9552764892578125,-0.2834014892578125,1652822299.591152
72,0.040130615234375,-0.9680328369140625,-0.2798309326171875,1652822299.600881
73,0.0333099365234375,-0.976226806640625,-0.3043060302734375,1652822299.611127
74,0.0376739501953125,-0.9715728759765625,-0.3132781982421875,1652822299.621111
75,0.0462188720703125,-0.9617156982421875,-0.2956085205078125,1652822299.631289
76,0.0572967529296875,-0.9542999267578125,-0.2642669677734375,1652822299.641171
77,0.0621490478515625,-0.9511871337890625,-0.2559356689453125,1652822299.650862
78,0.0612640380859375,-0.94476318359375,-0.2733001708984375,1652822299.661133
79,0.061126708984375,-0.9423370361328125,-0.28985595703125,1652822299.6701279
80,0.0590362548828125,-0.9421234130859375,-0.28631591796875,1652822299.681185
81,0.0607757568359375,-0.9452667236328125,-0.276611328125,1652822299.691152
82,0.05517578125,-0.95281982421875,-0.259674072265625,1652822299.700883
83,0.0503082275390625,-0.9561614990234375,-0.254730224609375,1652822299.710196
84,0.050750732421875,-0.9563751220703125,-0.2557830810546875,1652822299.7211242
85,0.0539093017578125,-0.949798583984375,-0.258331298828125,1652822299.731206
86,0.059600830078125,-0.943389892578125,-0.266204833984375,1652822299.741087
87,0.0609893798828125,-0.939544677734375,-0.29486083984375,1652822299.750833
88,0.061187744140625,-0.941680908203125,-0.3207244873046875,1652822299.761176
89,0.0564117431640625,-0.9499664306640625,-0.305328369140625,1652822299.7701821
90,0.0422515869140625,-0.959869384765625,-0.2843017578125,1652822299.781125
91,0.0117950439453125,-0.980987548828125,-0.278717041015625,1652822299.791086
92,-0.020416259765625,-1.003387451171875,-0.2895660400390625,1652822299.800881
93,-0.03411865234375,-1.0085296630859375,-0.306304931640625,1652822299.811125
94,-0.030487060546875,-0.993255615234375,-0.3315277099609375,1652822299.820777
95,-0.0074615478515625,-0.9839935302734375,-0.3240966796875,1652822299.831801
96,0.0279541015625,-0.9733428955078125,-0.3353118896484375,1652822299.8410969
97,0.059112548828125,-0.955322265625,-0.3413543701171875,1652822299.850894
98,0.08270263671875,-0.9354248046875,-0.3276824951171875,1652822299.8611112
99,0.1066741943359375,-0.920257568359375,-0.3188018798828125,1652822299.871094
100,0.12896728515625,-0.911407470703125,-0.3060150146484375,1652822299.881133
101,0.1224365234375,-0.90673828125,-0.2863311767578125,1652822299.891103
102,0.1211090087890625,-0.9156341552734375,-0.271636962890625,1652822299.9008698
103,0.1144866943359375,-0.9155120849609375,-0.265533447265625,1652822299.9111528
104,0.091888427734375,-0.9183502197265625,-0.265655517578125,1652822299.92107
105,0.07183837890625,-0.9337310791015625,-0.268798828125,1652822299.931192
106,0.053955078125,-0.9510650634765625,-0.274688720703125,1652822299.941092
107,0.0413360595703125,-0.9630584716796875,-0.290008544921875,1652822299.950897
108,0.0338897705078125,-0.965576171875,-0.3039398193359375,1652822299.9611568
109,0.03558349609375,-0.9645538330078125,-0.3096923828125,1652822299.97119
110,0.0208282470703125,-0.97686767578125,-0.324005126953125,1652822299.9811969
111,-0.0044403076171875,-0.9901123046875,-0.3530120849609375,1652822299.990728
112,-0.013824462890625,-1.000457763671875,-0.368560791015625,1652822300.0009289
113,-0.0035552978515625,-1.00390625,-0.338592529296875,1652822300.011125
114,0.0005645751953125,-0.9995269775390625,-0.2973480224609375,1652822300.021123
115,-0.0063018798828125,-0.9914398193359375,-0.2891082763671875,1652822300.031131
116,-0.0053253173828125,-0.97265625,-0.2982025146484375,1652822300.041101
117,0.0019378662109375,-0.9631195068359375,-0.30267333984375,1652822300.05091
118,0.00628662109375,-0.9591217041015625,-0.2900848388671875,1652822300.0612578
119,0.0078582763671875,-0.95782470703125,-0.2684783935546875,1652822300.070152
120,0.00225830078125,-0.955108642578125,-0.248809814453125,1652822300.081207
121,-0.00054931640625,-0.95562744140625,-0.2384490966796875,1652822300.091121
122,-0.003875732421875,-0.962127685546875,-0.2552947998046875,1652822300.100915
123,-0.0182952880859375,-0.9653472900390625,-0.2945404052734375,1652822300.111119
124,-0.0186767578125,-0.959381103515625,-0.31866455078125,1652822300.121119
125,-0.003997802734375,-0.9496002197265625,-0.295135498046875,1652822300.131186
126,0.010009765625,-0.9439544677734375,-0.24169921875,1652822300.141101
127,0.0123443603515625,-0.923858642578125,-0.204376220703125,1652822300.1508942
128,0.00836181640625,-0.916351318359375,-0.1759796142578125,1652822300.161128
129,0.005096435546875,-0.9211883544921875,-0.1573028564453125,1652822300.1711168
130,-0.016815185546875,-0.928955078125,-0.1461639404296875,1652822300.1812181
131,-0.0309295654296875,-0.9408721923828125,-0.17022705078125,1652822300.190199
132,-0.0250701904296875,-0.9508819580078125,-0.2398223876953125,1652822300.200927
133,-0.011474609375,-0.961669921875,-0.29559326171875,1652822300.211112
134,-0.0110321044921875,-0.9698028564453125,-0.313079833984375,1652822300.221085
135,-0.0246124267578125,-0.9645843505859375,-0.307891845703125,1652822300.231166
136,-0.0257720947265625,-0.9637603759765625,-0.289703369140625,1652822300.2402558
137,-0.0338287353515625,-0.9625091552734375,-0.2743988037109375,1652822300.25084
138,-0.042999267578125,-0.9606781005859375,-0.2642822265625,1652822300.261135
139,-0.045928955078125,-0.9635162353515625,-0.259765625,1652822300.270215
140,-0.0587615966796875,-0.969940185546875,-0.245758056640625,1652822300.2811952
141,-0.0806427001953125,-0.983367919921875,-0.23065185546875,1652822300.2911139
142,-0.097198486328125,-0.9906158447265625,-0.2267303466796875,1652822300.300915
143,-0.106597900390625,-0.9981231689453125,-0.23516845703125,1652822300.311125
144,-0.1046142578125,-0.995330810546875,-0.2472991943359375,1652822300.321239
145,-0.0849761962890625,-0.987701416015625,-0.2382354736328125,1652822300.3311439
146,-0.0669403076171875,-0.9731597900390625,-0.216522216796875,1652822300.340777
147,-0.0512237548828125,-0.9630889892578125,-0.2081146240234375,1652822300.3507628
148,-0.0468902587890625,-0.9597930908203125,-0.2135772705078125,1652822300.360672
149,-0.0390777587890625,-0.9585113525390625,-0.2225341796875,1652822300.3705301
150,-0.033477783203125,-0.9556884765625,-0.223175048828125,1652822300.380612
151,-0.0375213623046875,-0.959136962890625,-0.2260894775390625,1652822300.3900871
152,-0.040130615234375,-0.9578704833984375,-0.2329559326171875,1652822300.40085
153,-0.041351318359375,-0.9609527587890625,-0.2344970703125,1652822300.410285
154,-0.0460205078125,-0.9659576416015625,-0.24139404296875,1652822300.420168
155,-0.0466156005859375,-0.9683990478515625,-0.2530059814453125,1652822300.431107
156,-0.0427398681640625,-0.964019775390625,-0.253631591796875,1652822300.440143
157,-0.039886474609375,-0.9623870849609375,-0.2550201416015625,1652822300.450902
158,-0.0479278564453125,-0.9705047607421875,-0.2591705322265625,1652822300.461097
159,-0.0545501708984375,-0.9747772216796875,-0.25677490234375,1652822300.470139
160,-0.05645751953125,-0.981903076171875,-0.2552947998046875,1652822300.481104
161,-0.0547332763671875,-0.9907073974609375,-0.25750732421875,1652822300.49021
162,-0.0531005859375,-0.9923858642578125,-0.2435455322265625,1652822300.500927
163,-0.0548095703125,-0.996337890625,-0.2225799560546875,1652822300.511098
164,-0.050445556640625,-1.006072998046875,-0.197296142578125,1652822300.521089
165,-0.0507965087890625,-1.0123138427734375,-0.1915435791015625,1652822300.5310922
166,-0.054718017578125,-1.013641357421875,-0.2167816162109375,1652822300.540251
167,-0.047515869140625,-1.015167236328125,-0.2392578125,1652822300.55084
168,-0.044342041015625,-1.0107421875,-0.242523193359375,1652822300.560894
169,-0.0433502197265625,-1.0016937255859375,-0.22625732421875,1652822300.570187
170,-0.036651611328125,-0.992767333984375,-0.206451416015625,1652822300.5810928
171,-0.03509521484375,-0.98956298828125,-0.2069549560546875,1652822300.5903
172,-0.0380859375,-0.98846435546875,-0.2124481201171875,1652822300.600843
173,-0.0396575927734375,-0.983306884765625,-0.22503662109375,1652822300.6110911
174,-0.0447998046875,-0.9770965576171875,-0.2436370849609375,1652822300.621163
175,-0.04425048828125,-0.97100830078125,-0.2472076416015625,1652822300.630146
176,-0.0431976318359375,-0.9664459228515625,-0.2333526611328125,1652822300.640523
177,-0.0450286865234375,-0.960113525390625,-0.215576171875,1652822300.650842
178,-0.0475921630859375,-0.957489013671875,-0.2118377685546875,1652822300.661086
179,-0.047088623046875,-0.957366943359375,-0.22515869140625,1652822300.6710901
180,-0.03985595703125,-0.9657135009765625,-0.2299041748046875,1652822300.68111
181,-0.033538818359375,-0.968658447265625,-0.21728515625,1652822300.6904058
182,-0.0240020751953125,-0.966949462890625,-0.20770263671875,1652822300.700904
183,-0.01519775390625,-0.96832275390625,-0.2165985107421875,1652822300.711148
184,-0.008514404296875,-0.9647369384765625,-0.2425079345703125,1652822300.7210941
185,-0.004669189453125,-0.9661712646484375,-0.25433349609375,1652822300.731205
186,-0.002685546875,-0.9661407470703125,-0.2435455322265625,1652822300.7404761
187,0.0017852783203125,-0.963531494140625,-0.2257080078125,1652822300.7508302
188,0.0014190673828125,-0.9681854248046875,-0.2220611572265625,1652822300.761152
189,-0.003082275390625,-0.970947265625,-0.222137451171875,1652822300.771072
190,-0.002593994140625,-0.9667816162109375,-0.2236785888671875,1652822300.781091
191,0.0025482177734375,-0.9641265869140625,-0.22979736328125,1652822300.790515
192,0.004974365234375,-0.9611968994140625,-0.2191619873046875,1652822300.800796
193,0.0052642822265625,-0.963775634765625,-0.214080810546875,1652822300.811088
194,0.0083465576171875,-0.9735107421875,-0.239776611328125,1652822300.821097
195,0.018402099609375,-0.9761810302734375,-0.2615203857421875,1652822300.8311791
196,0.0303497314453125,-0.9760894775390625,-0.2490081787109375,1652822300.840537
197,0.035980224609375,-0.9771270751953125,-0.225799560546875,1652822300.850875
198,0.03668212890625,-0.9806976318359375,-0.2322998046875,1652822300.861096
199,0.0394134521484375,-0.9831085205078125,-0.2563018798828125,1652822300.871091
200,0.0457763671875,-0.9794158935546875,-0.2512664794921875,1652822300.8811002
201,0.0524444580078125,-0.9722747802734375,-0.2288818359375,1652822300.890606
202,0.056884765625,-0.9705657958984375,-0.2254180908203125,1652822300.9008908
203,0.05316162109375,-0.9703826904296875,-0.23712158203125,1652822300.9110808
204,0.0505523681640625,-0.9690399169921875,-0.2457733154296875,1652822300.921128
205,0.0537109375,-0.967498779296875,-0.2407684326171875,1652822300.931133
206,0.0511016845703125,-0.959869384765625,-0.233673095703125,1652822300.940621
207,0.0442657470703125,-0.95086669921875,-0.233551025390625,1652822300.950814
208,0.04364013671875,-0.9469757080078125,-0.2372589111328125,1652822300.961183
209,0.0428314208984375,-0.95074462890625,-0.255828857421875,1652822300.971099
210,0.03692626953125,-0.956329345703125,-0.2746124267578125,1652822300.981094
211,0.03509521484375,-0.9579620361328125,-0.275115966796875,1652822300.990722
212,0.0421905517578125,-0.9549560546875,-0.2618408203125,1652822301.0008922
213,0.0547027587890625,-0.954345703125,-0.2560882568359375,1652822301.011078
214,0.0647735595703125,-0.963348388671875,-0.2642822265625,1652822301.02107
215,0.067474365234375,-0.9716796875,-0.279083251953125,1652822301.031129
216,0.0677337646484375,-0.96923828125,-0.2877655029296875,1652822301.040786
217,0.072998046875,-0.964324951171875,-0.2860107421875,1652822301.0508242
218,0.07086181640625,-0.95306396484375,-0.2812652587890625,1652822301.0610762
219,0.06842041015625,-0.9410400390625,-0.2535552978515625,1652822301.071054
220,0.0616302490234375,-0.9460601806640625,-0.236236572265625,1652822301.081119
221,0.0535430908203125,-0.962371826171875,-0.25927734375,1652822301.090852
222,0.0493011474609375,-0.975982666015625,-0.29638671875,1652822301.100821
223,0.053863525390625,-0.9777374267578125,-0.3220367431640625,1652822301.110464
224,0.06121826171875,-0.9790496826171875,-0.331817626953125,1652822301.12046
225,0.065185546875,-0.982025146484375,-0.3240203857421875,1652822301.131177
226,0.0657958984375,-0.9776763916015625,-0.30340576171875,1652822301.140914
227,0.0675048828125,-0.9753265380859375,-0.2787628173828125,1652822301.1508741
228,0.068878173828125,-0.978851318359375,-0.2752838134765625,1652822301.161079
229,0.0629730224609375,-0.9798583984375,-0.2874755859375,1652822301.1711202
230,0.059112548828125,-0.9792633056640625,-0.302947998046875,1652822301.1810741
231,0.0667877197265625,-0.9832611083984375,-0.3090057373046875,1652822301.1908932
232,0.0782012939453125,-0.9855194091796875,-0.29815673828125,1652822301.20081
233,0.0912628173828125,-0.978790283203125,-0.2884521484375,1652822301.211141
234,0.102020263671875,-0.973297119140625,-0.2914276123046875,1652822301.221116
235,0.1103668212890625,-0.96990966796875,-0.285858154296875,1652822301.23112
236,0.1107940673828125,-0.97125244140625,-0.2677459716796875,1652822301.241009
237,0.1047515869140625,-0.9731903076171875,-0.264801025390625,1652822301.250835
238,0.099365234375,-0.9710540771484375,-0.2751007080078125,1652822301.261146
239,0.095977783203125,-0.96856689453125,-0.279022216796875,1652822301.270105
240,0.0941314697265625,-0.964324951171875,-0.262481689453125,1652822301.281157
241,0.0882110595703125,-0.956512451171875,-0.23773193359375,1652822301.2910562
242,0.0787200927734375,-0.950286865234375,-0.2500152587890625,1652822301.300825
243,0.07086181640625,-0.9554595947265625,-0.2760009765625,1652822301.3111439
244,0.0663909912109375,-0.9594573974609375,-0.2932891845703125,1652822301.321169
245,0.0673065185546875,-0.960052490234375,-0.295257568359375,1652822301.331139
246,0.0762176513671875,-0.9575347900390625,-0.2811279296875,1652822301.341058
247,0.0864410400390625,-0.9593353271484375,-0.2749786376953125,1652822301.351131
248,0.083282470703125,-0.9643707275390625,-0.27685546875,1652822301.361082
249,0.0796051025390625,-0.9620819091796875,-0.257415771484375,1652822301.3710752
250,0.0819244384765625,-0.959381103515625,-0.2109832763671875,1652822301.381143
251,0.0778656005859375,-0.9674224853515625,-0.1965179443359375,1652822301.391151
252,0.057464599609375,-0.960845947265625,-0.2135162353515625,1652822301.400535
253,0.051239013671875,-0.9564361572265625,-0.2333221435546875,1652822301.410505
254,0.0561676025390625,-0.964202880859375,-0.244354248046875,1652822301.421067
255,0.043121337890625,-0.96856689453125,-0.2383880615234375,1652822301.4311562
256,0.0366363525390625,-0.9689788818359375,-0.231719970703125,1652822301.441062
257,0.04742431640625,-0.9668731689453125,-0.2155914306640625,1652822301.451136
258,0.0535430908203125,-0.9627685546875,-0.2076416015625,1652822301.4611502
259,0.04681396484375,-0.957183837890625,-0.218109130859375,1652822301.471126
260,0.0303192138671875,-0.957122802734375,-0.2253875732421875,1652822301.481072
261,0.0168304443359375,-0.95062255859375,-0.2263031005859375,1652822301.491078
262,0.0102081298828125,-0.9568328857421875,-0.2370758056640625,1652822301.501052
263,0.005279541015625,-0.9718170166015625,-0.25689697265625,1652822301.5106
264,0.004150390625,-0.9727783203125,-0.2876434326171875,1652822301.521122
265,0.01605224609375,-0.9732818603515625,-0.3120880126953125,1652822301.53108
266,0.0269317626953125,-0.9763031005859375,-0.3272552490234375,1652822301.541064
267,0.031768798828125,-0.972686767578125,-0.327392578125,1652822301.551146
268,0.0360260009765625,-0.9717559814453125,-0.30029296875,1652822301.5610828
269,0.0346832275390625,-0.9712982177734375,-0.270263671875,1652822301.571128
270,0.039459228515625,-0.968780517578125,-0.2617950439453125,1652822301.581149
271,0.0480499267578125,-0.9661407470703125,-0.258544921875,1652822301.590141
272,0.04815673828125,-0.9693145751953125,-0.253265380859375,1652822301.600299
273,0.04010009765625,-0.9718475341796875,-0.250213623046875,1652822301.611182
274,0.0368804931640625,-0.9705352783203125,-0.234283447265625,1652822301.621101
275,0.0412750244140625,-0.9721832275390625,-0.2208099365234375,1652822301.6312041
276,0.0404510498046875,-0.9718170166015625,-0.2228546142578125,1652822301.641201
277,0.042449951171875,-0.971954345703125,-0.2378387451171875,1652822301.651105
278,0.04278564453125,-0.974884033203125,-0.2555694580078125,1652822301.6612349
279,0.041229248046875,-0.9682159423828125,-0.23944091796875,1652822301.670202
280,0.0354766845703125,-0.9694976806640625,-0.2048797607421875,1652822301.681178
281,0.02276611328125,-0.9703826904296875,-0.209930419921875,1652822301.691102
282,0.013275146484375,-0.96771240234375,-0.2363433837890625,1652822301.701103
283,0.0113372802734375,-0.96844482421875,-0.2537994384765625,1652822301.711227
284,0.01177978515625,-0.9700775146484375,-0.2577056884765625,1652822301.7211099
285,0.009002685546875,-0.965789794921875,-0.2605438232421875,1652822301.7311602
286,0.0012054443359375,-0.9683380126953125,-0.25628662109375,1652822301.741154
287,-0.006744384765625,-0.9717559814453125,-0.246551513671875,1652822301.751095
288,-0.0098724365234375,-0.974029541015625,-0.2159881591796875,1652822301.76125
289,-0.0055694580078125,-0.97906494140625,-0.170318603515625,1652822301.770129
290,-0.000274658203125,-0.97698974609375,-0.164825439453125,1652822301.781152
291,-0.00244140625,-0.972015380859375,-0.1946258544921875,1652822301.791182
292,-0.007720947265625,-0.9752349853515625,-0.2329559326171875,1652822301.801091
293,-0.0117034912109375,-0.977325439453125,-0.2669525146484375,1652822301.81077
294,-0.007476806640625,-0.981781005859375,-0.292694091796875,1652822301.8211331
295,-0.0030670166015625,-0.983489990234375,-0.297088623046875,1652822301.831167
296,-0.00091552734375,-0.9820709228515625,-0.283447265625,1652822301.841158
297,0.001800537109375,-0.984832763671875,-0.261505126953125,1652822301.85027
298,-0.000762939453125,-0.9845733642578125,-0.239166259765625,1652822301.861164
299,0.0006256103515625,-0.980072021484375,-0.2023468017578125,1652822301.871088
300,0.01263427734375,-0.9741363525390625,-0.157684326171875,1652822301.881171
301,0.0118865966796875,-0.97113037109375,-0.113433837890625,1652822301.891083
302,-0.0078125,-0.9658966064453125,-0.0845184326171875,1652822301.9011102
303,-0.0255279541015625,-0.9597930908203125,-0.0777130126953125,1652822301.911093
304,-0.040740966796875,-0.96728515625,-0.101776123046875,1652822301.921088
305,-0.0534210205078125,-0.970703125,-0.1408233642578125,1652822301.931176
306,-0.046417236328125,-0.974578857421875,-0.208740234375,1652822301.940094
307,-0.0192413330078125,-0.977691650390625,-0.2779083251953125,1652822301.951113
308,0.00439453125,-0.98004150390625,-0.3046722412109375,1652822301.960771
309,0.0134735107421875,-0.9842681884765625,-0.2967529296875,1652822301.971106
310,0.0312957763671875,-0.991546630859375,-0.273956298828125,1652822301.9811711
311,0.0535430908203125,-0.9898834228515625,-0.24981689453125,1652822301.9911718
312,0.0643310546875,-0.988677978515625,-0.2269744873046875,1652822302.001111
313,0.070556640625,-0.988311767578125,-0.2032012939453125,1652822302.011209
314,0.067840576171875,-0.98834228515625,-0.1859130859375,1652822302.020158
315,0.0532684326171875,-0.9943389892578125,-0.185577392578125,1652822302.031148
316,0.0463714599609375,-0.990753173828125,-0.190673828125,1652822302.041088
317,0.0487060546875,-0.989105224609375,-0.1900787353515625,1652822302.050848
318,0.0408477783203125,-0.991546630859375,-0.1912384033203125,1652822302.060262
319,0.030120849609375,-0.9935302734375,-0.19091796875,1652822302.070259
320,0.02740478515625,-0.989471435546875,-0.1975555419921875,1652822302.080875
321,0.0311126708984375,-0.9833526611328125,-0.1948394775390625,1652822302.091085
322,0.0547637939453125,-0.977752685546875,-0.183837890625,1652822302.101112
323,0.077667236328125,-0.972015380859375,-0.158935546875,1652822302.111161
324,0.096923828125,-0.9606170654296875,-0.136749267578125,1652822302.1210551
325,0.098846435546875,-0.96148681640625,-0.10382080078125,1652822302.1311631
326,0.057281494140625,-0.964202880859375,-0.090545654296875,1652822302.141165
327,0.015380859375,-0.963226318359375,-0.12249755859375,1652822302.1511059
328,-0.0123748779296875,-0.9698638916015625,-0.160064697265625,1652822302.161145
329,-0.0363616943359375,-0.975128173828125,-0.179229736328125,1652822302.171094
330,-0.0471649169921875,-0.9719390869140625,-0.188568115234375,1652822302.181175
331,-0.0364990234375,-0.9706268310546875,-0.188751220703125,1652822302.191214
332,-0.0189361572265625,-0.9767608642578125,-0.171783447265625,1652822302.20115
333,-0.015228271484375,-0.9722900390625,-0.1454620361328125,1652822302.211108
334,-0.0168914794921875,-0.9618682861328125,-0.106201171875,1652822302.221056
335,-0.01922607421875,-0.9497528076171875,-0.0922393798828125,1652822302.2311769
336,-0.039947509765625,-0.9505462646484375,-0.083343505859375,1652822302.240794
337,0.014129638671875,-0.96514892578125,-0.096282958984375,1652822302.2510629
338,-0.026092529296875,-0.9448089599609375,-0.1221923828125,1652822302.260419
339,-0.074798583984375,-0.94805908203125,-0.1386566162109375,1652822302.270184
340,-0.060302734375,-0.9748382568359375,-0.1336212158203125,1652822302.281074
341,-0.0674591064453125,-0.977294921875,-0.1203765869140625,1652822302.290224
342,-0.088623046875,-0.9697418212890625,-0.109283447265625,1652822302.301094
343,-0.1025543212890625,-0.97845458984375,-0.1078948974609375,1652822302.311067
344,-0.11669921875,-0.9922332763671875,-0.09796142578125,1652822302.321084
345,-0.128936767578125,-1.001007080078125,-0.0935821533203125,1652822302.331173
346,-0.131195068359375,-0.99981689453125,-0.128387451171875,1652822302.3410969
347,-0.1314697265625,-0.99542236328125,-0.15887451171875,1652822302.35111
348,-0.1268157958984375,-0.985687255859375,-0.16802978515625,1652822302.361146
349,-0.1127471923828125,-0.9748382568359375,-0.1486968994140625,1652822302.371088
350,-0.10272216796875,-0.980194091796875,-0.11846923828125,1652822302.381247
351,-0.0781707763671875,-0.9851531982421875,-0.1044158935546875,1652822302.391067
352,-0.037841796875,-0.9879608154296875,-0.109588623046875,1652822302.4010959
353,-0.0181732177734375,-0.9998626708984375,-0.1279449462890625,1652822302.41108
354,-0.01397705078125,-1.0138397216796875,-0.15936279296875,1652822302.421063
355,-0.015411376953125,-1.0295257568359375,-0.21319580078125,1652822302.43116
356,0.0037384033203125,-1.031982421875,-0.2683868408203125,1652822302.4411879
357,0.0182952880859375,-1.01947021484375,-0.2847747802734375,1652822302.450666
358,0.009765625,-1.0016021728515625,-0.2661895751953125,1652822302.461137
359,0.0023345947265625,-0.9925537109375,-0.2340087890625,1652822302.4711561
360,0.0129852294921875,-0.978607177734375,-0.205047607421875,1652822302.481184
361,0.0255584716796875,-0.96575927734375,-0.181640625,1652822302.491149
362,0.047149658203125,-0.982666015625,-0.1660003662109375,1652822302.501102
363,0.0592803955078125,-1.0006866455078125,-0.1532745361328125,1652822302.5107179
364,0.05126953125,-0.9959716796875,-0.1467742919921875,1652822302.5210881
365,0.0482025146484375,-0.9853973388671875,-0.1305694580078125,1652822302.53118
366,0.0490875244140625,-0.978607177734375,-0.096038818359375,1652822302.541068
367,0.042694091796875,-0.980316162109375,-0.0458526611328125,1652822302.5511122
368,0.023101806640625,-0.995391845703125,-0.04437255859375,1652822302.5611548
369,0.0136871337890625,-1.00982666015625,-0.12738037109375,1652822302.570627
370,0.0099334716796875,-1.0101776123046875,-0.20172119140625,1652822302.581207
371,-0.0059661865234375,-0.99383544921875,-0.240753173828125,1652822302.591088
372,-0.011260986328125,-0.994842529296875,-0.2512054443359375,1652822302.601119
373,-0.01519775390625,-0.9886474609375,-0.249267578125,1652822302.611078
374,-0.011871337890625,-0.968719482421875,-0.23187255859375,1652822302.621089
375,-0.0037994384765625,-0.9676666259765625,-0.1984710693359375,1652822302.6311731
376,-0.00225830078125,-0.9743804931640625,-0.1845550537109375,1652822302.641168
377,0.0094451904296875,-0.985015869140625,-0.197906494140625,1652822302.6510649
378,0.0236358642578125,-0.97796630859375,-0.23590087890625,1652822302.661083
379,0.0443115234375,-0.972015380859375,-0.27386474609375,1652822302.671052
380,0.0615081787109375,-0.97515869140625,-0.293487548828125,1652822302.681159
381,0.07318115234375,-0.9812164306640625,-0.2887420654296875,1652822302.691113
382,0.09576416015625,-0.9796905517578125,-0.2770843505859375,1652822302.701198
383,0.109283447265625,-0.9718170166015625,-0.261383056640625,1652822302.7110949
384,0.1139068603515625,-0.9615020751953125,-0.2403564453125,1652822302.721064
385,0.1153411865234375,-0.9645538330078125,-0.216461181640625,1652822302.731153
386,0.1124420166015625,-0.9710693359375,-0.1795196533203125,1652822302.741201
387,0.101898193359375,-0.972442626953125,-0.149383544921875,1652822302.751087
388,0.1004638671875,-0.969757080078125,-0.1347503662109375,1652822302.761225
389,0.1029510498046875,-0.97796630859375,-0.1292877197265625,1652822302.7710881
390,0.0977783203125,-0.992706298828125,-0.1282806396484375,1652822302.7811499
391,0.0794677734375,-0.995452880859375,-0.128936767578125,1652822302.791105
392,0.06744384765625,-0.9951171875,-0.1367645263671875,1652822302.8011432
393,0.0613250732421875,-0.994903564453125,-0.146759033203125,1652822302.811105
394,0.0585479736328125,-0.9925537109375,-0.15484619140625,1652822302.8206239
395,0.054107666015625,-0.9910430908203125,-0.16888427734375,1652822302.831159
396,0.044708251953125,-0.995330810546875,-0.1830291748046875,1652822302.841192
397,0.0426483154296875,-1.0032958984375,-0.1906585693359375,1652822302.851089
398,0.0445098876953125,-1.003173828125,-0.1838226318359375,1652822302.861088
399,0.05029296875,-1.0018768310546875,-0.164794921875,1652822302.8711472
400,0.0529022216796875,-0.9996795654296875,-0.1557464599609375,1652822302.881154
401,0.0455322265625,-0.9969482421875,-0.160064697265625,1652822302.890712
402,0.0425262451171875,-0.99505615234375,-0.1699676513671875,1652822302.901114
403,0.0488128662109375,-0.9920196533203125,-0.1705474853515625,1652822302.911104
404,0.0482330322265625,-0.98431396484375,-0.170257568359375,1652822302.921091
405,0.0373992919921875,-0.9830322265625,-0.1713409423828125,1652822302.9311109
406,0.0292510986328125,-0.9905242919921875,-0.1726837158203125,1652822302.94121
407,0.02801513671875,-0.99560546875,-0.1677093505859375,1652822302.951092
408,0.021697998046875,-0.9990386962890625,-0.164306640625,1652822302.961083
409,0.013641357421875,-1.0009307861328125,-0.1616973876953125,1652822302.971088
410,0.01092529296875,-1.0053863525390625,-0.1640777587890625,1652822302.9811301
411,0.01458740234375,-1.0102386474609375,-0.1707305908203125,1652822302.991148
412,0.0210723876953125,-1.0085601806640625,-0.172943115234375,1652822303.001086
413,0.0275726318359375,-1.0058135986328125,-0.176239013671875,1652822303.011153
414,0.033721923828125,-1.0064697265625,-0.180694580078125,1652822303.0210829
415,0.0326385498046875,-1.0072784423828125,-0.178924560546875,1652822303.031105
416,0.028045654296875,-1.0046844482421875,-0.1725921630859375,1652822303.041085
417,0.027313232421875,-1.0035552978515625,-0.1624298095703125,1652822303.051124
418,0.031982421875,-1.00311279296875,-0.14984130859375,1652822303.061153
419,0.045257568359375,-0.9966278076171875,-0.150787353515625,1652822303.071082
420,0.0583038330078125,-0.9898834228515625,-0.15411376953125,1652822303.081143
421,0.067352294921875,-0.9857940673828125,-0.1558990478515625,1652822303.091065
422,0.07275390625,-0.984375,-0.157623291015625,1652822303.101079
423,0.071380615234375,-0.980010986328125,-0.15704345703125,1652822303.111212
424,0.0679779052734375,-0.9737091064453125,-0.1556854248046875,1652822303.121076
425,0.0783538818359375,-0.9668121337890625,-0.1502685546875,1652822303.131167
426,0.093231201171875,-0.9624176025390625,-0.1371307373046875,1652822303.141056
427,0.0948333740234375,-0.9642486572265625,-0.123931884765625,1652822303.151087
428,0.0920562744140625,-0.958160400390625,-0.1164703369140625,1652822303.161164
429,0.0971832275390625,-0.956512451171875,-0.1110687255859375,1652822303.170918
430,0.0949554443359375,-0.9586334228515625,-0.1139068603515625,1652822303.181229
431,0.090301513671875,-0.9625396728515625,-0.1205291748046875,1652822303.1911612
432,0.082855224609375,-0.9650421142578125,-0.132171630859375,1652822303.201273
433,0.0787200927734375,-0.9603271484375,-0.134765625,1652822303.211039
434,0.0792999267578125,-0.9580078125,-0.1397857666015625,1652822303.2210932
435,0.0829010009765625,-0.965423583984375,-0.139312744140625,1652822303.231322
436,0.086181640625,-0.9671478271484375,-0.1339874267578125,1652822303.2412071
437,0.0863189697265625,-0.9600830078125,-0.130706787109375,1652822303.251089
438,0.08795166015625,-0.960479736328125,-0.1286773681640625,1652822303.261148
439,0.084686279296875,-0.9649658203125,-0.1439971923828125,1652822303.27112
440,0.0775299072265625,-0.9618988037109375,-0.1619110107421875,1652822303.281148
441,0.0666961669921875,-0.9628753662109375,-0.1607513427734375,1652822303.290258
442,0.0513153076171875,-0.9687042236328125,-0.1573944091796875,1652822303.301096
443,0.039276123046875,-0.9706573486328125,-0.1645660400390625,1652822303.311061
444,0.035400390625,-0.97015380859375,-0.176666259765625,1652822303.32108
445,0.0269927978515625,-0.973358154296875,-0.1778106689453125,1652822303.331126
446,0.025848388671875,-0.9734954833984375,-0.174102783203125,1652822303.341141
447,0.0247650146484375,-0.9743194580078125,-0.1708526611328125,1652822303.35109
448,0.0177459716796875,-0.978363037109375,-0.173797607421875,1652822303.360791
449,0.0071563720703125,-0.98870849609375,-0.180999755859375,1652822303.371148
450,0.0033416748046875,-0.993621826171875,-0.1893768310546875,1652822303.380446
451,0.005859375,-0.9926605224609375,-0.1905059814453125,1652822303.391079
452,0.0108795166015625,-0.989501953125,-0.1899871826171875,1652822303.401077
453,0.0218658447265625,-0.9854583740234375,-0.1965179443359375,1652822303.411139
454,0.0283203125,-0.981475830078125,-0.1952056884765625,1652822303.42107
455,0.0283203125,-0.981475830078125,-0.1952056884765625,1652822303.430557
456,0.0324859619140625,-0.9892425537109375,-0.177825927734375,1652822303.4411302
457,0.027618408203125,-0.991790771484375,-0.173919677734375,1652822303.451086
458,0.027618408203125,-0.991790771484375,-0.173919677734375,1652822303.460435
459,0.0242156982421875,-0.9860687255859375,-0.1811370849609375,1652822303.4710732
460,0.0242156982421875,-0.9860687255859375,-0.1811370849609375,1652822303.480582
461,0.0407257080078125,-0.9757537841796875,-0.20953369140625,1652822303.491137
462,0.044342041015625,-0.9805145263671875,-0.2379608154296875,1652822303.5010839
463,0.044342041015625,-0.9805145263671875,-0.2379608154296875,1652822303.510676
464,0.043182373046875,-0.98455810546875,-0.2486724853515625,1652822303.520674
465,0.0389556884765625,-0.98870849609375,-0.2442169189453125,1652822303.530504
466,0.0334625244140625,-0.99102783203125,-0.2525177001953125,1652822303.5410728
467,0.027984619140625,-0.9871368408203125,-0.2533111572265625,1652822303.551084
468,0.027984619140625,-0.9871368408203125,-0.2533111572265625,1652822303.5602689
469,0.0114898681640625,-0.98773193359375,-0.2279205322265625,1652822303.5710711
470,0.0114898681640625,-0.98773193359375,-0.2279205322265625,1652822303.580476
471,0.0085601806640625,-0.9872283935546875,-0.2155609130859375,1652822303.591065
472,0.0089874267578125,-0.9891815185546875,-0.2182464599609375,1652822303.601084
473,0.005706787109375,-0.9851837158203125,-0.2239532470703125,1652822303.611144
474,0.00506591796875,-0.98333740234375,-0.2286376953125,1652822303.621068
475,0.0076446533203125,-0.98291015625,-0.230987548828125,1652822303.631091
476,0.0123138427734375,-0.9735870361328125,-0.23724365234375,1652822303.6411119
477,0.016571044921875,-0.9633941650390625,-0.2469329833984375,1652822303.65106
478,0.016571044921875,-0.9633941650390625,-0.2469329833984375,1652822303.6601439
479,0.0227813720703125,-0.9664459228515625,-0.2453155517578125,1652822303.671122
480,0.0081329345703125,-0.9810943603515625,-0.2239837646484375,1652822303.6811628
481,0.0049285888671875,-0.9776458740234375,-0.212615966796875,1652822303.691045
482,0.0049285888671875,-0.9776458740234375,-0.212615966796875,1652822303.7010899
483,0.0182037353515625,-0.9749908447265625,-0.1943817138671875,1652822303.710135
484,0.0603790283203125,-0.9646148681640625,-0.17230224609375,1652822303.721159
485,0.0603790283203125,-0.9646148681640625,-0.17230224609375,1652822303.731159
486,0.0759429931640625,-0.96319580078125,-0.169189453125,1652822303.740954
487,0.08502197265625,-0.967254638671875,-0.1775360107421875,1652822303.7510772
488,0.08447265625,-0.9693145751953125,-0.2052764892578125,1652822303.7602491
489,0.0772247314453125,-0.9725189208984375,-0.22576904296875,1652822303.7702188
490,0.056549072265625,-0.981964111328125,-0.22613525390625,1652822303.780384
491,0.0348052978515625,-0.9882354736328125,-0.220794677734375,1652822303.790179
492,0.016204833984375,-0.9805908203125,-0.20751953125,1652822303.801117
493,0.0096588134765625,-0.969085693359375,-0.200164794921875,1652822303.810244
494,0.011871337890625,-0.9620819091796875,-0.2058258056640625,1652822303.821096
495,0.005401611328125,-0.9636383056640625,-0.2177734375,1652822303.830179
496,-0.008941650390625,-0.9676055908203125,-0.2268524169921875,1652822303.841117
497,-0.0143280029296875,-0.9701995849609375,-0.226104736328125,1652822303.850502
498,-0.02410888671875,-0.986602783203125,-0.232391357421875,1652822303.8604178
499,-0.029754638671875,-0.9947052001953125,-0.2449493408203125,1652822303.871048
500,-0.0232086181640625,-0.9993896484375,-0.25958251953125,1652822303.881084
501,-0.0186920166015625,-0.9989776611328125,-0.269073486328125,1652822303.8911428
502,-0.0186920166015625,-0.993011474609375,-0.272674560546875,1652822303.900522
503,-0.0149383544921875,-0.991180419921875,-0.2716064453125,1652822303.9103231
504,-0.01904296875,-0.988311767578125,-0.270782470703125,1652822303.921093
505,-0.0268096923828125,-0.986083984375,-0.270172119140625,1652822303.931116
506,-0.0345001220703125,-0.9879302978515625,-0.2620086669921875,1652822303.94106
507,-0.0344390869140625,-0.996917724609375,-0.2543182373046875,1652822303.950463
508,-0.0312042236328125,-1.0001678466796875,-0.24615478515625,1652822303.960442
509,-0.0322418212890625,-0.9918975830078125,-0.2495269775390625,1652822303.971065
510,-0.0357818603515625,-0.98516845703125,-0.258148193359375,1652822303.981169
511,-0.028076171875,-0.9852142333984375,-0.2564544677734375,1652822303.991178
512,-0.0146942138671875,-0.9914093017578125,-0.2490081787109375,1652822304.000525
513,0.0006103515625,-0.9913177490234375,-0.2411956787109375,1652822304.010469
514,0.023712158203125,-0.9890594482421875,-0.23455810546875,1652822304.02113
515,0.05584716796875,-0.9772796630859375,-0.230224609375,1652822304.031116
516,0.07659912109375,-0.98236083984375,-0.234832763671875,1652822304.041058
517,0.0775909423828125,-0.9944915771484375,-0.2520599365234375,1652822304.050527
518,0.0828399658203125,-0.9958038330078125,-0.26568603515625,1652822304.060567
519,0.085968017578125,-0.998199462890625,-0.2705230712890625,1652822304.071126
520,0.0859527587890625,-0.99945068359375,-0.2681732177734375,1652822304.081092
521,0.0750274658203125,-0.998565673828125,-0.26800537109375,1652822304.09108
522,0.0619659423828125,-0.986724853515625,-0.2704315185546875,1652822304.101162
523,0.06268310546875,-0.97821044921875,-0.264617919921875,1652822304.110577
524,0.0695648193359375,-0.9784698486328125,-0.25152587890625,1652822304.12108
525,0.085601806640625,-0.9826202392578125,-0.245391845703125,1652822304.131157
526,0.0841827392578125,-0.9913787841796875,-0.250396728515625,1652822304.141193
527,0.0779571533203125,-0.99761962890625,-0.2583160400390625,1652822304.150169
528,0.0744781494140625,-1.001220703125,-0.2602386474609375,1652822304.160678
529,0.06939697265625,-0.997772216796875,-0.2510223388671875,1652822304.171195
530,0.06048583984375,-0.99578857421875,-0.237274169921875,1652822304.180938
531,0.064727783203125,-0.9888458251953125,-0.2303924560546875,1652822304.19106
532,0.07794189453125,-0.9841766357421875,-0.2298736572265625,1652822304.201071
533,0.082427978515625,-0.9849700927734375,-0.2160797119140625,1652822304.210676
534,0.0785369873046875,-0.98651123046875,-0.1862640380859375,1652822304.221133
535,0.064056396484375,-0.982208251953125,-0.184539794921875,1652822304.231162
536,0.04248046875,-0.980072021484375,-0.21453857421875,1652822304.241147
537,0.0270233154296875,-0.9781036376953125,-0.2493896484375,1652822304.251121
538,0.03076171875,-0.9720306396484375,-0.274169921875,1652822304.260798
539,0.0421905517578125,-0.964569091796875,-0.261993408203125,1652822304.2711449
540,0.0512237548828125,-0.9449005126953125,-0.1999664306640625,1652822304.281151
541,0.0484466552734375,-0.925262451171875,-0.14349365234375,1652822304.291144
542,0.0176239013671875,-0.9267425537109375,-0.1442718505859375,1652822304.301169
543,-0.0220794677734375,-0.9399566650390625,-0.1753997802734375,1652822304.310791
544,-0.0356292724609375,-0.955810546875,-0.220916748046875,1652822304.32108
545,-0.0284423828125,-0.958740234375,-0.249298095703125,1652822304.331111
546,-0.0242462158203125,-0.9752197265625,-0.2173004150390625,1652822304.341182
547,-0.0054168701171875,-0.975982666015625,-0.173553466796875,1652822304.351104
548,0.0053558349609375,-0.9874725341796875,-0.1860504150390625,1652822304.360843
549,0.0194549560546875,-0.985992431640625,-0.2183685302734375,1652822304.370552
550,0.02532958984375,-0.97552490234375,-0.2358551025390625,1652822304.381134
551,0.0178375244140625,-0.9810638427734375,-0.2351531982421875,1652822304.3910608
552,0.0003662109375,-0.989044189453125,-0.24310302734375,1652822304.4010959
553,-0.0151214599609375,-0.998779296875,-0.27642822265625,1652822304.410966
554,-0.0192413330078125,-1.0004119873046875,-0.299560546875,1652822304.420547
555,-0.0099639892578125,-0.9978179931640625,-0.2935638427734375,1652822304.4311972
556,0.016937255859375,-0.9893951416015625,-0.265655517578125,1652822304.4411612
557,0.0440673828125,-0.97650146484375,-0.231903076171875,1652822304.451056
558,0.069244384765625,-0.9774932861328125,-0.203765869140625,1652822304.4609609
559,0.093353271484375,-0.9807281494140625,-0.191650390625,1652822304.470515
560,0.0993804931640625,-0.983367919921875,-0.2042083740234375,1652822304.481075
561,0.0889434814453125,-0.9859619140625,-0.22216796875,1652822304.4911041
562,0.07989501953125,-0.9879608154296875,-0.2257843017578125,1652822304.501106
563,0.0784759521484375,-0.9908447265625,-0.225372314453125,1652822304.510944
564,0.08209228515625,-0.9878692626953125,-0.2216796875,1652822304.52056
565,0.0920562744140625,-0.9768218994140625,-0.2115936279296875,1652822304.531177
566,0.106903076171875,-0.961944580078125,-0.191131591796875,1652822304.54104
567,0.1162567138671875,-0.95318603515625,-0.173980712890625,1652822304.5510879
568,0.110687255859375,-0.9498748779296875,-0.17999267578125,1652822304.5611482
569,0.0999755859375,-0.9558563232421875,-0.214202880859375,1652822304.5705872
570,0.1008148193359375,-0.9608001708984375,-0.2410888671875,1652822304.581084
571,0.10772705078125,-0.95855712890625,-0.24755859375,1652822304.591113
572,0.115814208984375,-0.9507904052734375,-0.2144927978515625,1652822304.60114
573,0.1066741943359375,-0.9352569580078125,-0.1644744873046875,1652822304.6110601
574,0.081817626953125,-0.934295654296875,-0.1508331298828125,1652822304.6211638
575,0.055694580078125,-0.9398040771484375,-0.1882476806640625,1652822304.631147
576,0.0338287353515625,-0.9348602294921875,-0.2326202392578125,1652822304.6407819
577,0.0239410400390625,-0.9329986572265625,-0.25787353515625,1652822304.651052
578,0.0252227783203125,-0.9452972412109375,-0.262054443359375,1652822304.661123
579,0.0196380615234375,-0.9462738037109375,-0.265533447265625,1652822304.671053
580,0.0084686279296875,-0.937957763671875,-0.268402099609375,1652822304.681067
581,0.0070648193359375,-0.9356842041015625,-0.266876220703125,1652822304.691083
582,0.002166748046875,-0.9395599365234375,-0.2491455078125,1652822304.7010841
583,-0.0114898681640625,-0.945587158203125,-0.22528076171875,1652822304.711024
584,-0.018524169921875,-0.9429473876953125,-0.2110595703125,1652822304.7210898
585,-0.024169921875,-0.9434814453125,-0.208221435546875,1652822304.731162
586,-0.031341552734375,-0.9523468017578125,-0.22021484375,1652822304.741039
587,-0.04949951171875,-0.9565582275390625,-0.2391510009765625,1652822304.7510529
588,-0.0801239013671875,-0.9543609619140625,-0.26983642578125,1652822304.761138
589,-0.0981292724609375,-0.9597625732421875,-0.298004150390625,1652822304.7711139
590,-0.1083984375,-0.9575958251953125,-0.2992401123046875,1652822304.7810512
591,-0.1187591552734375,-0.9422454833984375,-0.27154541015625,1652822304.790032
592,-0.1340179443359375,-0.9310455322265625,-0.237274169921875,1652822304.801117
593,-0.14935302734375,-0.924591064453125,-0.23065185546875,1652822304.811091
594,-0.15142822265625,-0.9131011962890625,-0.249755859375,1652822304.8211021
595,-0.160125732421875,-0.9381256103515625,-0.2621917724609375,1652822304.831142
596,-0.1793975830078125,-0.9753570556640625,-0.2583465576171875,1652822304.841106
597,-0.1861114501953125,-0.993896484375,-0.2551422119140625,1652822304.8511071
598,-0.167022705078125,-1.0057525634765625,-0.217620849609375,1652822304.8610768
599,-0.12542724609375,-0.993316650390625,-0.1223602294921875,1652822304.8710299
600,-0.111663818359375,-0.979949951171875,-0.09429931640625,1652822304.881085
601,-0.1385345458984375,-0.96722412109375,-0.1246185302734375,1652822304.890671
602,-0.199371337890625,-0.9793243408203125,-0.1649932861328125,1652822304.9010758
603,-0.22802734375,-1.00201416015625,-0.1979522705078125,1652822304.9110951
604,-0.19989013671875,-1.0030059814453125,-0.227325439453125,1652822304.921068
605,-0.1586456298828125,-0.998931884765625,-0.2451171875,1652822304.9311252
606,-0.144439697265625,-1.0007171630859375,-0.2395782470703125,1652822304.940701
607,-0.159698486328125,-1.0101470947265625,-0.2208404541015625,1652822304.9510388
608,-0.18121337890625,-1.006378173828125,-0.2113037109375,1652822304.9611359
609,-0.1765289306640625,-0.9845733642578125,-0.224822998046875,1652822304.971058
610,-0.1535186767578125,-0.98529052734375,-0.2608642578125,1652822304.98106
611,-0.0909881591796875,-0.965911865234375,-0.29296875,1652822304.990773
612,-0.04095458984375,-0.9528961181640625,-0.3105316162109375,1652822305.001054
613,-0.0331878662109375,-0.954376220703125,-0.317596435546875,1652822305.0111198
614,-0.0323028564453125,-0.9596405029296875,-0.3125152587890625,1652822305.0210629
615,-0.0190277099609375,-0.9739227294921875,-0.29559326171875,1652822305.030458
616,-0.0112152099609375,-0.9771575927734375,-0.260284423828125,1652822305.040666
617,-0.011322021484375,-0.9826812744140625,-0.2180328369140625,1652822305.051046
618,-0.0046539306640625,-0.9763336181640625,-0.19317626953125,1652822305.061115
619,0.002777099609375,-0.9639892578125,-0.1816558837890625,1652822305.0710459
620,0.014251708984375,-0.964752197265625,-0.18426513671875,1652822305.0803099
621,-0.0101470947265625,-0.983154296875,-0.203125,1652822305.090722
622,-0.058135986328125,-1.004058837890625,-0.23956298828125,1652822305.101069
623,-0.076812744140625,-1.0093841552734375,-0.271514892578125,1652822305.111115
624,-0.0408477783203125,-0.99774169921875,-0.2811126708984375,1652822305.121068
625,0.0081329345703125,-0.9886932373046875,-0.27069091796875,1652822305.131139
626,0.0309295654296875,-0.984649658203125,-0.25616455078125,1652822305.1407828
627,0.02911376953125,-0.983367919921875,-0.241485595703125,1652822305.151056
628,0.0123443603515625,-0.9801025390625,-0.2228240966796875,1652822305.160328
629,-0.0059051513671875,-0.9731292724609375,-0.2043609619140625,1652822305.17106
630,-0.0158233642578125,-0.9778594970703125,-0.2178192138671875,1652822305.181149
631,-0.0213165283203125,-0.9849395751953125,-0.2343902587890625,1652822305.190762
632,-0.0269317626953125,-0.993316650390625,-0.229095458984375,1652822305.201081
633,-0.01373291015625,-0.9948883056640625,-0.2100830078125,1652822305.2110472
634,-0.004974365234375,-0.9954681396484375,-0.186431884765625,1652822305.221076
635,-0.0520477294921875,-0.9979705810546875,-0.1709442138671875,1652822305.23112
636,-0.07763671875,-0.9997711181640625,-0.165863037109375,1652822305.240745
637,-0.07354736328125,-0.9932098388671875,-0.1558685302734375,1652822305.251086
638,-0.0731201171875,-0.99285888671875,-0.1485443115234375,1652822305.261076
639,-0.074310302734375,-0.9872589111328125,-0.15728759765625,1652822305.271179
640,-0.0558013916015625,-0.9840545654296875,-0.1622467041015625,1652822305.281208
641,-0.0491485595703125,-0.978851318359375,-0.1694183349609375,1652822305.290107
642,-0.0550079345703125,-0.9692840576171875,-0.19390869140625,1652822305.301069
643,-0.046966552734375,-0.965301513671875,-0.2136688232421875,1652822305.311106
644,-0.026641845703125,-0.9594573974609375,-0.22125244140625,1652822305.321093
645,-0.0197601318359375,-0.9559326171875,-0.213653564453125,1652822305.331213
646,-0.033660888671875,-0.9683380126953125,-0.1082305908203125,1652822305.3405871
647,-0.063751220703125,-0.9798736572265625,0.0025634765625,1652822305.351028
648,-0.063873291015625,-0.984375,-0.095947265625,1652822305.361054
649,-0.0536346435546875,-0.9698486328125,-0.204254150390625,1652822305.371118
650,-0.04107666015625,-0.9741363525390625,-0.3104095458984375,1652822305.381113
651,-0.0079345703125,-0.9835968017578125,-0.316314697265625,1652822305.3908
652,-0.0033721923828125,-0.972930908203125,-0.2467498779296875,1652822305.4010491
653,-0.0224761962890625,-0.96527099609375,-0.1671600341796875,1652822305.411131
654,-0.0224761962890625,-0.96527099609375,-0.1671600341796875,1652822305.42107
655,-0.0224761962890625,-0.96527099609375,-0.1671600341796875,1652822305.430266
656,-0.0224761962890625,-0.96527099609375,-0.1671600341796875,1652822305.440711
657,-0.0224761962890625,-0.96527099609375,-0.1671600341796875,1652822305.451079
658,-0.0224761962890625,-0.96527099609375,-0.1671600341796875,1652822305.461129
659,-0.0224761962890625,-0.96527099609375,-0.1671600341796875,1652822305.471043
660,-0.0224761962890625,-0.96527099609375,-0.1671600341796875,1652822305.481262
661,-0.0224761962890625,-0.96527099609375,-0.1671600341796875,1652822305.490724
662,-0.0224761962890625,-0.96527099609375,-0.1671600341796875,1652822305.5010772
663,-0.0224761962890625,-0.96527099609375,-0.1671600341796875,1652822305.511204
664,-0.0224761962890625,-0.96527099609375,-0.1671600341796875,1652822305.52111
665,-0.0224761962890625,-0.96527099609375,-0.1671600341796875,1652822305.531138
666,-0.0224761962890625,-0.96527099609375,-0.1671600341796875,1652822305.540797
667,-0.0224761962890625,-0.96527099609375,-0.1671600341796875,1652822305.551091
668,-0.0224761962890625,-0.96527099609375,-0.1671600341796875,1652822305.56107
669,-0.0224761962890625,-0.96527099609375,-0.1671600341796875,1652822305.571069
670,-0.0224761962890625,-0.96527099609375,-0.1671600341796875,1652822305.581215
671,-0.0224761962890625,-0.96527099609375,-0.1671600341796875,1652822305.59074
672,-0.0224761962890625,-0.96527099609375,-0.1671600341796875,1652822305.601098
673,-0.0224761962890625,-0.96527099609375,-0.1671600341796875,1652822305.611083
674,-0.0224761962890625,-0.96527099609375,-0.1671600341796875,1652822305.621103
675,-0.0224761962890625,-0.96527099609375,-0.1671600341796875,1652822305.631123
676,-0.0224761962890625,-0.96527099609375,-0.1671600341796875,1652822305.641086
677,-0.0224761962890625,-0.96527099609375,-0.1671600341796875,1652822305.651381
678,-0.0224761962890625,-0.96527099609375,-0.1671600341796875,1652822305.661162
679,-0.0224761962890625,-0.96527099609375,-0.1671600341796875,1652822305.6710482
680,-0.0224761962890625,-0.96527099609375,-0.1671600341796875,1652822305.6810741
681,-0.0224761962890625,-0.96527099609375,-0.1671600341796875,1652822305.690676
682,-0.0224761962890625,-0.96527099609375,-0.1671600341796875,1652822305.701031
683,-0.0224761962890625,-0.96527099609375,-0.1671600341796875,1652822305.7110438
684,-0.0224761962890625,-0.96527099609375,-0.1671600341796875,1652822305.72106
685,-0.0224761962890625,-0.96527099609375,-0.1671600341796875,1652822305.730832
686,-0.0224761962890625,-0.96527099609375,-0.1671600341796875,1652822305.7406502
687,-0.0224761962890625,-0.96527099609375,-0.1671600341796875,1652822305.75105
688,-0.0224761962890625,-0.96527099609375,-0.1671600341796875,1652822305.761044
689,-0.0224761962890625,-0.96527099609375,-0.1671600341796875,1652822305.771041
690,-0.0224761962890625,-0.96527099609375,-0.1671600341796875,1652822305.781124
691,-0.0224761962890625,-0.96527099609375,-0.1671600341796875,1652822305.790688
692,-0.0224761962890625,-0.96527099609375,-0.1671600341796875,1652822305.8002791
693,-0.0224761962890625,-0.96527099609375,-0.1671600341796875,1652822305.810174
694,-0.0224761962890625,-0.96527099609375,-0.1671600341796875,1652822305.8201299
695,-0.0224761962890625,-0.96527099609375,-0.1671600341796875,1652822305.831085
696,-0.0224761962890625,-0.96527099609375,-0.1671600341796875,1652822305.840711
697,-0.0224761962890625,-0.96527099609375,-0.1671600341796875,1652822305.85105
698,-0.0224761962890625,-0.96527099609375,-0.1671600341796875,1652822305.861047
699,-0.0224761962890625,-0.96527099609375,-0.1671600341796875,1652822305.871032
700,-0.0224761962890625,-0.96527099609375,-0.1671600341796875,1652822305.881062
701,-0.0224761962890625,-0.96527099609375,-0.1671600341796875,1652822305.8906631
702,-0.0224761962890625,-0.96527099609375,-0.1671600341796875,1652822305.901026
703,-0.0224761962890625,-0.96527099609375,-0.1671600341796875,1652822305.911042
704,-0.0224761962890625,-0.96527099609375,-0.1671600341796875,1652822305.9210382
705,-0.0224761962890625,-0.96527099609375,-0.1671600341796875,1652822305.9310842
706,-0.0224761962890625,-0.96527099609375,-0.1671600341796875,1652822305.940703
707,-0.0224761962890625,-0.96527099609375,-0.1671600341796875,1652822305.950512
708,-0.0224761962890625,-0.96527099609375,-0.1671600341796875,1652822305.960388
709,-0.0224761962890625,-0.96527099609375,-0.1671600341796875,1652822305.971057
710,-0.0224761962890625,-0.96527099609375,-0.1671600341796875,1652822305.980219
711,-0.0224761962890625,-0.96527099609375,-0.1671600341796875,1652822305.990075
712,-0.0224761962890625,-0.96527099609375,-0.1671600341796875,1652822306.001028
713,-0.0224761962890625,-0.96527099609375,-0.1671600341796875,1652822306.011009
714,-0.0224761962890625,-0.96527099609375,-0.1671600341796875,1652822306.021049
715,-0.0224761962890625,-0.96527099609375,-0.1671600341796875,1652822306.031073
716,-0.0224761962890625,-0.96527099609375,-0.1671600341796875,1652822306.0406852
717,-0.0224761962890625,-0.96527099609375,-0.1671600341796875,1652822306.0510612
718,-0.0224761962890625,-0.96527099609375,-0.1671600341796875,1652822306.0610352
719,-0.0224761962890625,-0.96527099609375,-0.1671600341796875,1652822306.07109
720,-0.0224761962890625,-0.96527099609375,-0.1671600341796875,1652822306.081034
721,-0.0224761962890625,-0.96527099609375,-0.1671600341796875,1652822306.090973
