-0.07729131,-0.035529576,0.33028013,33479054183
0.065708585,-0.07152959,0.43728,33489202818
0.07170865,-0.08752959,0.43828002,33494275741
0.08970859,-0.16252959,0.44628003,33499348448
0.0977086,-0.26452956,0.4442801,33504421371
0.09170866,-0.3605296,0.43828002,33509493991
0.07070862,-0.43752968,0.4282801,33514566914
0.031708635,-0.48452964,0.41327998,33519639746
-0.017291283,-0.5035296,0.39828002,33524712438
-0.07229127,-0.5075296,0.3732801,33529785347
-0.12629123,-0.52152956,0.35128003,33534858194
-0.18029131,-0.55152965,0.32627997,33539931107
-0.23729123,-0.5805297,0.30028003,33545003799
-0.29529133,-0.59652954,0.27728006,33550076414
-0.36129168,-0.5815057,0.25827888,33555149357
-0.42729166,-0.53550565,0.24527885,33560222203
-0.49529168,-0.45950562,0.23727885,33565295126
-0.5572916,-0.3715056,0.23827888,33570367818
-0.6112917,-0.28250566,0.23727885,33575440640
-0.6462917,-0.21850564,0.24527885,33580513563
-0.6542917,-0.17550565,0.25627896,33585586256
-0.6342917,-0.15550564,0.2662789,33590659102
-0.58929163,-0.15250567,0.2742789,33595731804
-0.52729154,-0.16150558,0.2822789,33600804727
-0.44429168,-0.18250562,0.29227898,33605877563
-0.34929168,-0.20850569,0.29627898,33610950256
-0.24529164,-0.24050571,0.301279,33616023203
-0.1402917,-0.2755057,0.30527887,33621096049
-0.04029166,-0.30150563,0.30927888,33626168943
0.05770818,-0.3245056,0.312279,33631241558
0.14470819,-0.3385057,0.312279,33636314218
0.21570832,-0.35050568,0.31127894,33641387141
0.27370825,-0.3625057,0.30427897,33646459987
0.3107082,-0.3715056,0.30027896,33651532920
0.32870826,-0.3705057,0.2902789,33656605612
0.3337083,-0.34950566,0.2822789,33661678522
0.32070825,-0.3075057,0.27227896,33666751368
0.2907083,-0.24150561,0.25927892,33671824036
0.25070828,-0.15750557,0.24527885,33676896882
0.2037083,-0.06150567,0.23327884,33681969575
0.15170829,0.034494236,0.22027893,33687042498
0.09870823,0.11349423,0.20427893,33692115339
0.047708243,0.16949426,0.1872789,33697188262
0.014708196,0.19749427,0.17527889,33702260968
-0.0022915774,0.2064943,0.16927895,33707333584
-0.0052916785,0.21949421,0.16627885,33712406521
7.082573E-4,0.24249431,0.16327888,33717479367
0.009708295,0.27149424,0.16127895,33722552290
0.0227082,0.29649428,0.15927888,33727624968
0.034708206,0.30449426,0.16127895,33732697814
0.050708212,0.29649428,0.15827885,33737770718
0.07470822,0.27249426,0.15327895,33742843411
0.10770827,0.23449431,0.14527895,33747916276
0.14270824,0.18649429,0.13127887,33752988968
0.1877083,0.12949423,0.114278965,33758061876
0.23270822,0.07949428,0.09727892,33763134723
0.28270832,0.026494231,0.07627888,33768207401
0.34070826,-0.023505589,0.05727891,33773280324
0.3907082,-0.063505605,0.03527897,33778352949
0.4367083,-0.08050565,0.012278858,33783425872
0.47170827,-0.07950561,-0.013720953,33788498709
0.4957083,-0.06550567,-0.041720964,33793571401
0.5087083,-0.042505696,-0.07072101,33798644319
0.5107083,-0.021505654,-0.09772099,33803717165
0.50470835,-0.013505651,-0.125721,33808790093
0.4957083,-0.017505653,-0.153721,33813862786
0.4857082,-0.024505623,-0.17872106,33818935632
0.47170827,-0.02650569,-0.20572104,33824008324
0.44770828,-0.02050562,-0.22872101,33829081233
0.41570824,-0.009505649,-0.25372106,33834154079
0.37570825,-0.005505648,-0.27672103,33839226781
0.33570823,-0.012505617,-0.29672104,33844299704
0.2897083,-0.019505586,-0.30972093,33849372530
0.25070828,-0.014505684,-0.31672105,33854445453
0.22670828,-0.0015056463,-0.319721,33859518140
0.2127082,0.015494261,-0.319721,33864590756
0.2037083,0.034494236,-0.31272104,33869663679
0.19370824,0.051494274,-0.30172095,33874736525
0.18970823,0.07849425,-0.27872095,33879809448
0.1957083,0.10549423,-0.25572097,33884882135
0.20970824,0.1244942,-0.232721,33889955058
0.22670828,0.14049421,-0.208721,33895027915
0.24970825,0.15149431,-0.184721,33900100838
0.2717082,0.15949419,-0.15572095,33905173535
0.28870824,0.17149419,-0.12672102,33910246381
0.30470824,0.1904943,-0.096720956,33915319064
0.31270826,0.22449425,-0.07072101,33920391910
0.31370828,0.2704942,-0.044720933,33925464847
0.3057083,0.31349432,-0.019721022,33930537539
0.29770827,0.34349427,0.0032789542,33935610414
0.28870824,0.35349432,0.024278862,33940683337
0.2797082,0.34649423,0.04327897,33945756260
0.28070822,0.33049423,0.058278944,33950828953
0.2867083,0.30349424,0.06927891,33955901814
0.2957082,0.26849425,0.08027889,33960974737
0.3077082,0.22949427,0.08727886,33966047366
0.3227082,0.19449429,0.08927892,33971120290
0.3377083,0.16149426,0.08927892,33976193223
0.34870827,0.13149431,0.09027895,33981265838
0.35270825,0.103494294,0.09227889,33986338756
0.35270825,0.07949428,0.09227889,33991411448
0.34770823,0.054494243,0.08927892,33996484351
0.33970824,0.023494264,0.08027889,34001557198
0.3237082,0.00549419,0.06827888,34006630112
0.29770827,-0.010505683,0.05527884,34011702804
0.2707083,-0.023505589,0.045278903,34016775655
0.24670829,-0.03050569,0.03527897,34021848578
0.22170825,-0.03650563,0.017278893,34026921194
0.1877083,-0.035505593,-7.209143E-4,34031994126
0.15170829,-0.028505623,-0.01672092,34037066818
0.117708206,-0.011505583,-0.034720995,34042139635
0.086708225,0.009494192,-0.051721033,34047212558
0.053708177,0.035494268,-0.067720905,34052285266
0.026707802,0.057519525,-0.083722115,34057358189
0.009707894,0.071519464,-0.09672215,34062431025
-0.005292078,0.08551954,-0.11072222,34067503717
-0.017292082,0.10151954,-0.11772219,34072576577
-0.023292018,0.117519416,-0.12372213,34077649501
-0.026291987,0.13251953,-0.13072222,34082722405
-0.020292051,0.14251946,-0.13672216,34087795020
-0.0042920443,0.13751942,-0.13472223,34092867924
0.012707862,0.11851945,-0.1337222,34097940616
0.040707875,0.07351953,-0.1337222,34103013540
0.07370779,0.01751951,-0.12872216,34108086362
0.100707896,-0.040480446,-0.12172219,34113159285
0.12470791,-0.08348043,-0.11672216,34118231977
0.14170781,-0.11648034,-0.10672222,34123304823
0.15170789,-0.13948046,-0.10072216,34128377722
0.15070786,-0.14448036,-0.09272215,34133450415
0.14570782,-0.1534804,-0.08572218,34138523265
0.13670792,-0.17248037,-0.07772218,34143595957
0.13170788,-0.20148042,-0.07072221,34148668866
0.13070785,-0.22748035,-0.063722104,34153741712
0.12770787,-0.23948036,-0.0587222,34158814405
0.12270784,-0.23148036,-0.05772217,34163887328
0.1137078,-0.1934804,-0.0547222,34168960188
0.096707895,-0.12348045,-0.0547222,34174033111
0.07770779,-0.030480377,-0.055722237,34179105818
0.05070781,0.06251942,-0.06072214,34184178665
0.0227078,0.14851953,-0.071722105,34189251386
7.078576E-4,0.21351945,-0.08472215,34194324232
-0.007292012,0.2585195,-0.09372219,34199397136
-0.00929208,0.28651953,-0.10872216,34204469828
-0.008292046,0.29551956,-0.12272223,34209542762
0.0027077917,0.29551956,-0.13472223,34214615608
0.020707866,0.2785195,-0.14672224,34219688280
0.04270781,0.24851944,-0.15672217,34224761203
0.06870788,0.19351944,-0.16372214,34229834126
0.092707895,0.11551948,-0.17172214,34234906963
0.114707835,0.029519513,-0.17672218,34239979656
0.13170788,-0.057480354,-0.18772216,34245052579
0.13870785,-0.13548045,-0.1967222,34250125425
0.13770781,-0.20248045,-0.20672226,34255198136
0.13970788,-0.2564804,-0.21972217,34260270982
0.14770788,-0.29548037,-0.2287222,34265343694
0.16770789,-0.30548045,-0.23372224,34270416617
0.1957079,-0.2884804,-0.23772225,34275489473
0.22470781,-0.2564804,-0.24172224,34280562396
0.25770786,-0.22648045,-0.23972218,34285635068
0.28570786,-0.21048045,-0.2367222,34290707992
0.31670785,-0.21048045,-0.23572217,34295780848
0.35570782,-0.22448039,-0.2367222,34300853771
0.3937079,-0.24948043,-0.2367222,34305926449
0.4297079,-0.2754804,-0.22772217,34310999295
0.4597079,-0.28548044,-0.21872213,34316072222
0.48670787,-0.27448034,-0.20372216,34321144838
0.50170785,-0.24548043,-0.1887222,34326217737
0.50170785,-0.20048037,-0.17372222,34331290660
0.49470785,-0.14948039,-0.1577222,34336363352
0.46970782,-0.10848034,-0.14472216,34341436275
0.43570787,-0.0904804,-0.13572213,34346508872
0.40270782,-0.095480435,-0.12772213,34351581795
0.36370784,-0.11248034,-0.12172219,34356654617
0.32870784,-0.119480446,-0.11972213,34361727540
0.30070785,-0.11248034,-0.11672216,34366800241
0.2827079,-0.10148037,-0.11672216,34371873164
0.2717078,-0.08948037,-0.11272216,34376946011
0.25870788,-0.07648046,-0.10672222,34382018703
0.23870789,-0.05548042,-0.10272222,34387091635
0.21470788,-0.029480344,-0.09572212,34392164250
0.19970791,-0.011480403,-0.087722115,34397237419
0.1887078,-4.8043186E-4,-0.076722145,34402310112
0.17770782,0.012519473,-0.064722136,34407382958
0.17570789,0.03751952,-0.052722134,34412455635
0.17770782,0.072519496,-0.038722195,34417528558
0.17870787,0.11951948,-0.025722157,34422601400
0.17470786,0.17751944,-0.0137221515,34427674093
0.16970782,0.23951954,-0.001722147,34432747006
0.16170782,0.28651953,0.0042776554,34437819852
0.15970789,0.31851953,0.0112777585,34442892540
0.15870786,0.3415195,0.01527776,34447965463
0.15370782,0.35251948,0.018277727,34453038328
0.14770788,0.35051954,0.018277727,34458111237
0.14170781,0.3295195,0.01927776,34463183929
0.13770781,0.29251945,0.017277693,34468256852
0.13070785,0.25551954,0.014277726,34473329698
0.12270784,0.22451943,0.0112777585,34478402621
0.117707804,0.1955195,0.0072777565,34483475314
0.111707866,0.15151949,0.003277755,34488548160
0.1097078,0.10751948,0.005277689,34493620852
0.1087079,0.064519495,0.006277723,34498693698
0.1057078,0.029519513,0.0022777214,34503766649
0.09770779,0.009519505,2.7765392E-4,34508839572
0.08270782,0.002519536,-7.2211336E-4,34513912198
0.06570778,-0.002480366,-0.001722147,34518985121
0.048707876,-0.002480366,-0.004722115,34524058039
0.03270787,-0.0034803997,-0.0067221825,34529130731
0.018707799,-0.0014803323,-0.004722115,34534203587
0.0037078254,0.0035194366,-0.004722115,34539276511
-0.018291984,0.019519443,-0.0037222144,34544349203
-0.052292064,0.058519427,-0.0037222144,34549422126
-0.094292015,0.10151954,-0.007722216,34554494977
-0.13729253,0.12555352,-0.010723783,34559567669
-0.17529261,0.13155359,-0.014723784,34564640573
-0.20829266,0.12055362,-0.018723786,34569713419
-0.23929264,0.09555358,-0.013723751,34574786318
-0.26329264,0.0645536,-0.016723853,34579859010
-0.28329253,0.038553525,-0.016723853,34584931933
-0.3012926,0.017553616,-0.018723786,34590004779
-0.3172926,0.008553579,-0.013723751,34595077482
-0.32629263,0.0045535774,-0.007723815,34600150405
-0.33529255,-0.0044463263,-0.0037238132,34605223261
-0.33829266,-0.013446364,0.0012760889,34610296184
-0.33629256,-0.022446267,0.010276126,34615368871
-0.3332926,-0.028446335,0.019276028,34620441487
-0.32529262,-0.032446336,0.027276034,34625514424
-0.31429264,-0.03644634,0.038276136,34630587270
-0.29829264,-0.034446273,0.04627614,34635660193
-0.2812926,-0.028446335,0.055276044,34640732895
-0.25829262,-0.021446366,0.064276084,34645806049
-0.2342926,-0.016446332,0.07327612,34650878679
-0.20629258,-0.0014463584,0.07827602,34655951602
-0.18529256,0.015553549,0.08127612,34661024313
-0.16429265,0.027553553,0.08527612,34666097159
-0.14029263,0.042553525,0.08727606,34671170082
-0.12629256,0.06255353,0.08527612,34676242775
-0.122292556,0.092553616,0.07827602,34681315694
-0.123292595,0.12055362,0.06927612,34686388540
-0.12929253,0.1365535,0.05727611,34691461472
-0.13329253,0.13855356,0.045276105,34696534164
-0.13629264,0.121553525,0.035276037,34701607054
-0.12929253,0.096553616,0.024276065,34706679901
-0.116292626,0.0645536,0.011276026,34711752593
-0.10229255,0.034553524,2.7605513E-4,34716825531
-0.08829261,0.0035535437,-0.01272385,34721898377
-0.07429254,-0.035446305,-0.026723789,34726971280
-0.06629254,-0.080446355,-0.034723792,34732043973
-0.059292566,-0.12444638,-0.04072373,34737116834
-0.05029253,-0.14444639,-0.046723798,34742189757
-0.04629253,-0.14344634,-0.0507238,34747262419
-0.044292595,-0.12444638,-0.055723835,34752335342
-0.051292565,-0.099446334,-0.057723768,34757408255
-0.07029254,-0.06844635,-0.0627238,34762481178
-0.10129251,-0.037446372,-0.06672381,34767553871
-0.13429256,-0.002446259,-0.06772384,34772626717
-0.16529255,0.031553555,-0.07272374,34777699390
-0.19629265,0.0575535,-0.07572384,34782772236
-0.22529256,0.07855354,-0.07672374,34787845151
-0.25129265,0.09355351,-0.07372378,34792917843
-0.27229255,0.087553576,-0.07072381,34797990766
-0.2892926,0.0575535,-0.06472374,34803063689
-0.2972926,0.014553515,-0.0547238,34808136617
-0.29229257,-0.03644634,-0.04372383,34813209233
-0.28229263,-0.08544626,-0.029723758,34818282137
-0.25829262,-0.121446274,-0.010723783,34823354983
-0.22729263,-0.15244639,0.009276092,34828427665
-0.18929255,-0.1814463,0.030276135,34833500588
-0.15829258,-0.20844628,0.05027614,34838573391
-0.14629257,-0.21944638,0.072276086,34843646314
-0.14829263,-0.19844633,0.09327613,34848718997
-0.16429265,-0.15244639,0.1082761,34853791843
-0.18729262,-0.102446295,0.12127614,34858864771
-0.21629266,-0.05344638,0.13027604,34863937463
-0.2502926,-0.022446267,0.13527608,34869010386
-0.27929264,-0.007446294,0.13127607,34874083233
-0.30629262,0.00255351,0.12227604,34879156156
-0.33029264,0.00255351,0.10727607,34884228819
-0.34629264,-0.0034462926,0.08527612,34889301665
-0.35529256,-0.012446329,0.059276044,34894374603
-0.35129255,-0.016446332,0.035276037,34899447296
-0.34629264,-0.0014463584,0.011276026,34904520218
-0.33829266,0.01955355,-0.007723815,34909593064
-0.32029256,0.044553593,-0.016723853,34914665752
-0.29329258,0.07855354,-0.01272385,34919738675
-0.26429254,0.12555352,-0.007723815,34924811549
-0.23529264,0.18455352,-0.0027237795,34929884472
-0.2102926,0.2355535,0.0052760905,34934957151
-0.18629259,0.25955352,0.017276095,34940030074
-0.15929261,0.24655361,0.027276034,34945102934
-0.1312926,0.20355362,0.032276068,34950175857
-0.10629255,0.12655357,0.03627607,34955248569
-0.08429261,0.039553557,0.038276136,34960321416
-0.06629254,-0.04744631,0.037276104,34965394324
-0.0602926,-0.12944628,0.031276036,34970467016
-0.0642926,-0.19844633,0.03627607,34975539939
-0.07729264,-0.25044635,0.038276136,34980612785
-0.10129251,-0.2794464,0.039276037,34985685728
-0.13429256,-0.29244632,0.037276104,34990758421
-0.17329255,-0.29744634,0.03627607,34995831329
-0.21229252,-0.30244637,0.035276037,35000904175
-0.2502926,-0.31244633,0.030276135,35005976886
-0.29029262,-0.3154463,0.023276031,35011049809
-0.32529262,-0.2984464,0.014276127,35016122656
-0.35829264,-0.26644635,0.006276124,35021195589
-0.38229266,-0.22744638,-0.0087238485,35026268281
-0.3962926,-0.18644634,-0.021723755,35031341127
-0.40229267,-0.15244639,-0.028723724,35036414050
-0.39729264,-0.11644637,-0.03972383,35041486772
-0.37329262,-0.080446355,-0.049723767,35046559695
-0.33929256,-0.052446347,-0.055723835,35051632555
-0.30729252,-0.027446302,-0.053723767,35056705478
-0.2722931,-0.005418515,-0.051725164,35061778189
-0.23929304,0.010581358,-0.055725165,35066851112
-0.20729302,0.022581363,-0.060725067,35071923944
-0.171293,0.02158133,-0.05972517,35076996637
-0.13529299,0.003581256,-0.058725134,35082069546
-0.10429302,-0.019418586,-0.060725067,35087142392
-0.07629301,-0.047418598,-0.061725102,35092215084
-0.056293,-0.07341854,-0.066725135,35097287973
-0.04229306,-0.08441851,-0.070725136,35102360897
-0.033293024,-0.08841851,-0.07272507,35107433757
-0.03229299,-0.08041851,-0.078725144,35112506449
-0.04229306,-0.06241857,-0.08772504,35117579387
-0.05729303,-0.0514186,-0.09572505,35122652233
-0.067292966,-0.0514186,-0.10272515,35127725146
-0.07629301,-0.0554186,-0.111725055,35132797839
-0.08129304,-0.0514186,-0.120725095,35137870685
-0.07629301,-0.036418494,-0.12772506,35142943608
-0.072293006,-0.018418552,-0.13072516,35148016285
-0.061293032,0.003581256,-0.13472517,35153089208
-0.048292994,0.01458136,-0.13772513,35158162131
-0.03229299,0.016581295,-0.1367251,35163235055
-0.01129308,0.005581323,-0.13572507,35168307670
0.010706862,-0.013418518,-0.13572507,35173380627
0.031706903,-0.033418525,-0.13472517,35178453473
0.05070688,-0.046418563,-0.13072516,35183526179
0.06570685,-0.05841857,-0.12672517,35188599103
0.07670682,-0.067418605,-0.119725056,35193671969
0.08170686,-0.063418604,-0.11472516,35198744892
0.08470683,-0.047418598,-0.11072516,35203817573
0.08470683,-0.025418522,-0.10572512,35208890419
0.08070683,-0.008418616,-0.10272515,35213963347
0.07970679,0.009581325,-0.09972505,35219036040
0.08070683,0.025581332,-0.09972505,35224108958
0.07870689,0.03958127,-0.09472515,35229181881
0.07870689,0.05958128,-0.089725114,35234254698
0.07470689,0.09058126,-0.08372518,35239327621
0.06870682,0.13058127,-0.07272507,35244400308
0.06470682,0.17358126,-0.061725102,35249473155
0.06470682,0.21658137,-0.050725132,35254545847
0.06470682,0.25258127,-0.041725095,35259618770
0.06470682,0.27658126,-0.03672506,35264691631
0.06570685,0.28058127,-0.02672512,35269764631
0.063706785,0.27158135,-0.020725053,35274837477
0.06170685,0.24858126,-0.013725083,35279910400
0.060706817,0.22758135,-0.010725115,35284983049
0.06270688,0.19658136,-0.010725115,35290055972
0.06670689,0.16358133,-0.01672505,35295128823
0.06870682,0.12158137,-0.018725118,35300201515
0.06870682,0.08058132,-0.018725118,35305274438
0.07070689,0.05658131,-0.020725053,35310347285
0.07070689,0.041581336,-0.025725087,35315419991
0.07070689,0.041581336,-0.028725056,35320492914
0.07070689,0.054581378,-0.02972509,35325565746
0.07070689,0.07158128,-0.034725126,35330638669
0.07270682,0.09158129,-0.03772509,35335711328
0.07670682,0.11358137,-0.038725127,35340784251
0.07970679,0.13558131,-0.043725163,35345857097
0.07870689,0.14658128,-0.053725097,35350930020
0.08070683,0.14758131,-0.062725134,35356002684
0.08270689,0.13958131,-0.070725136,35361075530
0.09070689,0.123581305,-0.075725175,35366148540
0.1037068,0.114581265,-0.084725074,35371221387
0.12070684,0.112581335,-0.091725044,35376294064
0.14270692,0.110581264,-0.097725116,35381366910
0.16770683,0.105581366,-0.10372505,35386439838
0.19970684,0.09758136,-0.10972512,35391512531
0.22870688,0.089581355,-0.11272509,35396585454
0.24770686,0.08658125,-0.113725126,35401658300
0.2647069,0.081581354,-0.11672509,35406731223
0.27470684,0.07858125,-0.11772513,35411804151
0.27870685,0.06958135,-0.11772513,35416876766
0.27770692,0.057581343,-0.119725056,35421949684
0.27170688,0.042581372,-0.12172513,35427022608
0.25870684,0.034581367,-0.12372506,35432095281
0.23370692,0.037581336,-0.12272516,35437168204
0.20870687,0.06358128,-0.119725056,35442241055
0.17970683,0.114581265,-0.11672509,35447313978
0.15170681,0.16958138,-0.11472516,35452386694
0.12970687,0.20158127,-0.11272509,35457459617
0.1117068,0.20558126,-0.11272509,35462532463
0.0957068,0.18858136,-0.11272509,35467605386
0.08670689,0.15658136,-0.11672509,35472678078
0.08170686,0.108581334,-0.119725056,35477750939
0.07570679,0.05858138,-0.12572512,35482823862
0.07070689,0.008581291,-0.1287251,35487896555
0.07570679,-0.037418526,-0.124725096,35492969401
0.08870683,-0.07741854,-0.120725095,35498042329
0.10470683,-0.12341863,-0.11272509,35503115021
0.12370681,-0.16841854,-0.10572512,35508187977
0.14170688,-0.20441855,-0.09972505,35513260900
0.15470693,-0.2134186,-0.09272508,35518333810
0.15970682,-0.19541852,-0.085725114,35523406425
0.15870692,-0.14941858,-0.077725105,35528479372
0.15570682,-0.082418576,-0.067725174,35533552218
0.1537069,-0.007418582,-0.054725133,35538625126
0.15770689,0.07158128,-0.046725128,35543698049
0.16670692,0.14558138,-0.041725095,35548770742
0.18470687,0.20358133,-0.042725127,35553843665
0.20870687,0.23958135,-0.04472506,35558916525
0.22770631,0.2556116,-0.04572656,35563989448
0.24370632,0.24561167,-0.049726564,35569062140
0.26470637,0.20461161,-0.056726534,35574135063
0.2857064,0.14161162,-0.060726535,35579207910
0.30770636,0.062611625,-0.061726566,35584280602
0.33070645,-0.014388308,-0.061726566,35589353510
0.35770643,-0.0893883,-0.057726566,35594426356
0.3807064,-0.15838823,-0.0557265,35599499303
0.40270635,-0.22338828,-0.050726596,35604571996
0.42070642,-0.27238834,-0.043726493,35609644838
0.43470636,-0.30538827,-0.036726523,35614717761
0.44470644,-0.32338834,-0.022726586,35619790467
0.46170634,-0.32538825,-0.0077264793,35624863390
0.48170635,-0.32038823,0.008273261,35629936313
0.50470644,-0.30438823,0.026273334,35635009241
0.52970636,-0.29138833,0.045273308,35640082088
0.55570644,-0.28438836,0.061273314,35645154992
0.57870626,-0.28438836,0.078273356,35650227684
0.59570634,-0.29238823,0.096273296,35655300534
0.60670644,-0.30538827,0.11827337,35660373457
0.60270643,-0.30838823,0.13327335,35665446141
0.5907064,-0.30038822,0.14527334,35670519064
0.56870633,-0.28338832,0.15727335,35675591862
0.5357063,-0.25838828,0.16827333,35680664862
0.4987064,-0.22638826,0.17727336,35685737708
0.46870646,-0.19438824,0.18827333,35690810400
0.43670642,-0.15838823,0.19627334,35695883303
0.40270635,-0.124388285,0.1992733,35700956150
0.37170637,-0.090388335,0.20027333,35706029103
0.34170642,-0.06638833,0.20227326,35711101795
0.31570634,-0.04538829,0.20827334,35716174636
0.29570633,-0.020388244,0.21627334,35721247559
0.2817064,0.004611533,0.22227328,35726320238
0.26770645,0.025611574,0.22927338,35731393161
0.25070643,0.04861155,0.23627335,35736466021
0.23070642,0.07461163,0.24427335,35741538944
0.20370631,0.097611606,0.2542733,35746611617
0.17370637,0.11461164,0.25927332,35751684540
0.14370641,0.13661158,0.26727334,35756757411
0.11270644,0.1526116,0.27127334,35761830334
0.083706394,0.1686116,0.2742733,35766903257
0.056706414,0.18961164,0.27527332,35771975872
0.028706403,0.20861161,0.27527332,35777048795
0.0087063955,0.22561166,0.26827335,35782121483
-0.0022934426,0.24261156,0.25927332,35787194406
-0.0062934444,0.24461164,0.2502733,35792267305
-0.0012935421,0.22961165,0.23627335,35797340228
0.0077063614,0.19561158,0.22227328,35802413050
0.015706364,0.14761156,0.20827334,35807485742
0.02770637,0.100611575,0.1942734,35812558670
0.047706377,0.060611557,0.18027332,35817631517
0.06670635,0.032611545,0.16827333,35822704411
0.08870643,0.014611604,0.15627332,35827777334
0.10870644,-0.005388271,0.14727329,35832850031
0.1287063,-0.022388311,0.13927329,35837922954
0.14270638,-0.037388284,0.13427338,35842995603
0.15370636,-0.04538829,0.12627338,35848068526
0.16570635,-0.04638832,0.11827337,35853141449
0.18070634,-0.05038832,0.107273266,35858214377
0.19470641,-0.05738829,0.09727333,35863287223
0.20570637,-0.0693883,0.0912734,35868360141
0.21570632,-0.07438833,0.08427329,35873433064
0.21170631,-0.07038833,0.074273355,35878505650
0.19970644,-0.06538829,0.065273315,35883578573
0.18370643,-0.05638826,0.06227335,35888651280
0.16470632,-0.039388217,0.056273278,35893724203
0.14570636,-0.0073882053,0.051273376,35898797116
0.13070638,0.036611546,0.048273277,35903869962
0.117706336,0.092611566,0.044273276,35908942880
0.10870644,0.14561163,0.03827334,35914015573
0.10170633,0.18161164,0.037273306,35919088530
0.098706365,0.19461155,0.04027327,35924161376
0.094706364,0.19161157,0.04227334,35929234318
0.095706396,0.18361157,0.044273276,35934307010
0.095706396,0.17561157,0.051273376,35939379928
0.0997064,0.1726116,0.058273345,35944452852
0.106706366,0.1766116,0.067273386,35949525698
0.113706335,0.19061154,0.074273355,35954598626
0.117706336,0.21461155,0.081273325,35959671318
0.122706376,0.24661157,0.089273326,35964744241
0.12570634,0.2716116,0.100273296,35969817087
0.12470644,0.27261165,0.1042733,35974890010
0.113706335,0.2556116,0.107273266,35979962703
0.09770633,0.22561166,0.1082733,35985035655
0.083706394,0.2006116,0.10927334,35990108578
0.067706384,0.18561164,0.1082733,35995181433
0.05570638,0.18161164,0.10627337,36000254356
0.04570631,0.18661153,0.103273265,36005327064
0.037706308,0.20561165,0.100273296,36010399910
0.029706303,0.22761159,0.09427336,36015472843
0.015706364,0.23661162,0.08627336,36020545535
0.0027063263,0.2316116,0.078273356,36025618462
-0.016293515,0.2236116,0.074273355,36030691308
-0.033293556,0.2236116,0.070273355,36035764327
-0.041293558,0.22861162,0.060273282,36040837174
-0.047293495,0.23061156,0.048273277,36045910118
-0.04629346,0.22261155,0.03827334,36050982810
-0.044293527,0.20561165,0.027273368,36056055656
-0.04229346,0.18161164,0.020273264,36061128579
-0.035294287,0.16266456,0.012270864,36066201286
-0.02829432,0.14866462,0.003270827,36071274209
-0.026294384,0.1406646,-0.0037290093,36076347060
-0.030294387,0.13166457,-0.00672911,36081419983
-0.03929429,0.12766458,-0.00672911,36086492906
-0.05229433,0.124664605,-0.0077290107,36091565598
-0.0702944,0.120664604,-0.0077290107,36096638487
-0.09029441,0.11566457,-0.0077290107,36101711334
-0.11529432,0.120664604,-0.008729044,36106784257
-0.13529433,0.13566458,-0.0027291088,36111856949
-0.1502943,0.1636646,0.003270827,36116929872
-0.1582943,0.20866464,0.006270795,36122002795
-0.16429438,0.25966462,0.0082708625,36127075410
-0.1662943,0.30766463,0.013270765,36132148334
-0.16729434,0.35566467,0.023270834,36137221204
-0.16729434,0.39466465,0.03227087,36142294204
-0.16529441,0.41966456,0.044270877,36147367031
-0.16229431,0.4246646,0.061270785,36152439954
-0.15229437,0.40566462,0.08327086,36157512646
-0.1342943,0.35066465,0.11227077,36162585493
-0.11129432,0.26966456,0.13927075,36167658416
-0.08529437,0.1716646,0.16627085,36172731093
-0.0712943,0.06966462,0.18727076,36177804016
-0.07629434,-0.020335218,0.20727077,36182876867
-0.098294415,-0.08333521,0.22627088,36187949790
-0.1292944,-0.11033532,0.24127086,36193022699
-0.17129435,-0.11733529,0.2472708,36198095392
-0.21929437,-0.11633526,0.24927086,36203168324
-0.2752944,-0.11833532,0.24527086,36208241170
-0.34829432,-0.12533529,0.23327085,36213314068
-0.44229442,-0.13833533,0.21327084,36218386760
-0.55529433,-0.15233527,0.19527078,36223459688
-0.67429435,-0.16533531,0.17027086,36228532535
-0.78329444,-0.1693353,0.13927075,36233605468
-0.8762944,-0.16233534,0.1052708,36238678391
-0.94529444,-0.13033533,0.07027082,36243751097
-1.0012944,-0.08333521,0.030270804,36248824020
-1.0572944,-0.030335288,0.0012707596,36253896861
-1.1022944,0.0066646263,-0.018729115,36258969784
-1.1262944,0.023664534,-0.03772909,36264042496
-1.1212944,0.017664598,-0.047729027,36269115419
-1.0902944,-0.020335218,-0.056729063,36274188328
-1.0342944,-0.07833531,-0.058728997,36279261174
-0.9592944,-0.15833534,-0.058728997,36284334082
-0.86129445,-0.2533352,-0.05572903,36289406775
-0.75529444,-0.35433528,-0.05472913,36294479713
-0.6542945,-0.44433525,-0.056729063,36299552636
-0.5622945,-0.5213353,-0.05572903,36304625463
-0.49129432,-0.5803353,-0.058728997,36309698386
-0.44429436,-0.6083353,-0.0617291,36314771068
-0.4192943,-0.6153353,-0.062729135,36319843991
-0.41729438,-0.6083353,-0.064729065,36324916843
-0.4332944,-0.6063352,-0.068729065,36329989766
-0.46829435,-0.60333526,-0.07272907,36335062472
-0.5132944,-0.59033525,-0.07472914,36340135395
-0.56529444,-0.5523353,-0.07972904,36345208294
-0.62129444,-0.48233533,-0.08372904,36350281140
-0.67229444,-0.38733533,-0.08972911,36355354063
-0.71629435,-0.29433525,-0.094729014,36360426756
-0.7382944,-0.21833523,-0.104729086,36365499573
-0.7382944,-0.15733531,-0.11372912,36370572496
-0.71729434,-0.11933523,-0.12072909,36375645424
-0.6812945,-0.10033525,-0.12072909,36380718116
-0.62129444,-0.09333528,-0.118729025,36385791039
-0.5472944,-0.08933528,-0.11372912,36390863949
-0.46229443,-0.09233525,-0.106729016,36395936795
-0.37229446,-0.091335215,-0.102729015,36401009708
-0.28529432,-0.09333528,-0.09772912,36406082400
-0.20629433,-0.10433525,-0.08972911,36411155222
-0.13329439,-0.12333523,-0.084729075,36416228145
-0.0672943,-0.15533523,-0.07972904,36421301073
-0.013294347,-0.19433522,-0.08372904,36426373997
0.02870547,-0.2403353,-0.08372904,36431446703
0.05870555,-0.29033527,-0.08372904,36436519626
0.07670549,-0.3433353,-0.084729075,36441592487
0.084705494,-0.38433537,-0.087729044,36446665487
0.07870556,-0.39733526,-0.094729014,36451738102
0.070705555,-0.3783353,-0.10072908,36456811025
0.05970558,-0.34533525,-0.10172912,36461883948
0.04770558,-0.3033353,-0.09772912,36466956780
0.041705508,-0.25433525,-0.09772912,36472029703
0.03470554,-0.20933533,-0.10372905,36477102636
0.02470547,-0.16633534,-0.10972912,36482175251
0.013705498,-0.12733522,-0.111729056,36487248199
-0.0012943415,-0.09233525,-0.11672909,36492320891
-0.016294314,-0.061335266,-0.12472909,36497393823
-0.03429439,-0.03433529,-0.13772899,36502466746
-0.05329436,-0.0073353127,-0.14672904,36507539664
-0.07329437,0.016664565,-0.15472904,36512612510
-0.09229434,0.03866464,-0.16572914,36517685424
-0.10729431,0.057664614,-0.17772914,36522758347
-0.113294385,0.07066465,-0.18972902,36527831073
-0.116294354,0.07566456,-0.20272906,36532903996
-0.11829429,0.06866459,-0.21072906,36537976852
-0.12529439,0.052664578,-0.216729,36543049775
-0.1342943,0.040664572,-0.21872906,36548122467
-0.1412944,0.029664602,-0.2197291,36553195391
-0.1492944,0.024664568,-0.22072913,36558268237
-0.1532944,0.016664565,-0.2197291,36563341160
-0.1512946,0.007675985,-0.21572962,36568414083
-0.1472946,0.004676017,-0.20772962,36573486775
-0.14129452,0.009675919,-0.20172955,36578559712
-0.13429455,0.02467589,-0.19172962,36583632558
-0.12229456,0.06167594,-0.18072964,36588705482
-0.10829449,0.11367596,-0.16672957,36593778174
-0.09329451,0.17567591,-0.15372966,36598851097
-0.07529457,0.24167602,-0.14672956,36603923986
-0.048294593,0.29367602,-0.13872956,36608996832
-0.017294481,0.33067596,-0.12972966,36614069741
0.011705297,0.35267588,-0.12572965,36619142664
0.04070534,0.367676,-0.12172966,36624215616
0.06770532,0.375676,-0.118729554,36629288309
0.08870536,0.383676,-0.11772966,36634361155
0.10370533,0.387676,-0.11472955,36639434078
0.1107053,0.3846759,-0.107729584,36644506770
0.1147053,0.36967593,-0.09972958,36649579693
0.12070537,0.33767593,-0.09272961,36654652617
0.13070531,0.300676,-0.08272954,36659725463
0.13770528,0.257676,-0.07572957,36664798381
0.14170529,0.21267597,-0.070729665,36669871304
0.13470532,0.17867589,-0.066729665,36674944005
0.12270531,0.15167591,-0.058729663,36680016851
0.10370533,0.13467601,-0.046729658,36685089793
0.08070536,0.13767597,-0.03672959,36690162717
0.05370538,0.15767598,-0.025729617,36695235621
0.021705369,0.18067595,-0.013729612,36700308313
-0.008294578,0.20067596,-0.004729576,36705381241
-0.032294586,0.20767593,-0.001729608,36710454164
-0.050294526,0.193676,0.0012702267,36715526991
-0.05129456,0.16467595,0.0012702267,36720599914
-0.042294525,0.14367591,-0.0027296417,36725672602
-0.027294552,0.13667594,-0.0057296096,36730745525
-0.01329448,0.154676,-0.011729545,36735818371
-0.0022945085,0.18867595,-0.010729644,36740891294
0.0077052955,0.233676,-0.009729611,36745964222
0.020705335,0.26867598,-0.007729544,36751036914
0.04070534,0.28767598,-0.0057296096,36756109838
0.06470535,0.284676,0.0012702267,36761182684
0.09570533,0.25467592,0.0022702604,36766255376
0.13270538,0.2026759,0.0042703277,36771328530
0.17870533,0.12567596,0.0052702283,36776401222
0.22470528,0.036675896,0.0052702283,36781474149
0.2757054,-0.052323908,0.006270262,36786546995
0.33670533,-0.12032393,0.0052702283,36791619962
0.40270543,-0.16232388,0.0042703277,36796692809
0.4697054,-0.17532392,-7.295743E-4,36801765520
0.53070533,-0.15432388,-0.0067296433,36806838366
0.59070534,-0.10232386,-0.014729646,36811911275
0.64770544,-0.028323896,-0.02672965,36816984198
0.7017054,0.049675934,-0.04372956,36822056862
0.7447054,0.13667594,-0.06372957,36827130015
0.7847054,0.22367594,-0.08672954,36832202698
0.8167054,0.29767603,-0.111729585,36837275621
0.8427055,0.34967592,-0.14272957,36842348467
0.86770535,0.3686759,-0.17072958,36847421376
0.8917054,0.36467603,-0.19672966,36852494068
0.9017053,0.355676,-0.2187296,36857566992
0.8997054,0.33767593,-0.23372957,36862639915
0.88870543,0.31167597,-0.2387296,36867712761
0.8737053,0.26767597,-0.2387296,36872785684
0.8557054,0.19067602,-0.23372957,36877858385
0.8417053,0.093675956,-0.21972963,36882931308
0.8377053,-0.013323924,-0.20272958,36888004251
0.8467053,-0.13732398,-0.18372962,36893077098
0.8687054,-0.29132396,-0.16872965,36898150025
0.89070535,-0.418324,-0.15272963,36903222948
0.9087054,-0.48432395,-0.13472956,36908295871
0.91870534,-0.50232387,-0.111729585,36913368486
0.9277054,-0.4873239,-0.09072954,36918441414
0.93970543,-0.45532402,-0.066729665,36923514337
0.95270544,-0.40932396,-0.042729657,36928587030
0.9577053,-0.36132392,-0.020729583,36933659953
0.95670545,-0.32032388,-7.295743E-4,36938732881
0.9447054,-0.27532396,0.015270299,36943805727
0.9237054,-0.22932388,0.032270204,36948878650
0.88870543,-0.18732393,0.039270308,36953951573
0.8447054,-0.15732399,0.04327031,36959024271
0.7897054,-0.13832387,0.04127024,36964097194
0.72070533,-0.117323965,0.039270308,36969170126
0.6507054,-0.09032386,0.038270276,36974242972
0.5797054,-0.055323873,0.035270307,36979315905
0.5097054,-0.017323926,0.032270204,36984388597
0.4427053,0.017675921,0.030270271,36989461520
0.38570538,0.03067596,0.029270237,36994534467
0.3287053,0.02067589,0.027270304,36999607314
0.27370533,-0.003323853,0.028270204,37004680237
0.22570531,-0.02932393,0.030270271,37009752929
0.17970537,-0.05732394,0.035270307,37014826078
0.13870531,-0.08032392,0.04127024,37019898770
0.1067053,-0.097323954,0.050270278,37024971703
0.0907053,-0.10632386,0.056270216,37030044549
0.08370533,-0.10632386,0.062270284,37035117242
0.08370533,-0.10232386,0.06427022,37040190396
0.08370533,-0.08532395,0.070270285,37045263068
0.08070536,-0.06332388,0.075270325,37050335991
0.07770539,-0.037323933,0.083270326,37055408919
0.07370539,-0.013323924,0.089270264,37060481765
0.07170532,0.0026759496,0.0982703,37065554717
0.07570466,0.0027163185,0.10726834,37070627410
0.08170473,-0.008283519,0.11226837,37075700333
0.0927047,-0.013283554,0.12226831,37080773179
0.10570473,-0.023283493,0.13126835,37085846088
0.12270464,-0.0392835,0.14126842,37090919011
0.13870464,-0.056283537,0.14526843,37095991943
0.15470466,-0.07128351,0.1522684,37101064636
0.1717047,-0.09028348,0.15826832,37106137569
0.18670467,-0.111283526,0.16226833,37111210492
0.1957047,-0.1302835,0.16126843,37116283352
0.20370471,-0.13728361,0.16226833,37121356275
0.20270467,-0.1342835,0.16326836,37126428981
0.19470467,-0.122283496,0.16226833,37131501904
0.18070473,-0.10628349,0.15926836,37136574800
0.15870465,-0.092283554,0.15326843,37141647723
0.12670465,-0.083283514,0.14526843,37146720569
0.09170467,-0.07728358,0.13726841,37151793265
0.05870475,-0.06828354,0.12726834,37156866419
0.025704704,-0.05428347,0.11426831,37161939034
-0.004295109,-0.0392835,0.1022683,37167011957
-0.034295186,-0.02528356,0.089268394,37172084896
-0.064295135,-0.010283587,0.07626836,37177157588
-0.08629521,0.007716354,0.06526839,37182230751
-0.10029515,0.02371636,0.058268283,37187303443
-0.11329518,0.046716336,0.051268313,37192376338
-0.12629522,0.079716384,0.044268344,37197449184
-0.1372952,0.1157164,0.04326831,37202522097
-0.15029523,0.15171628,0.04526838,37207594790
-0.16329513,0.18171635,0.04626841,37212667698
-0.17529514,0.2077163,0.048268348,37217740621
-0.19029525,0.22671641,0.051268313,37222813467
-0.19529516,0.2397163,0.054268282,37227886478
-0.19129515,0.24271642,0.055268317,37232959324
-0.18629524,0.24171638,0.058268283,37238031998
-0.17229518,0.23471642,0.059268318,37243104921
-0.15629517,0.22171637,0.061268385,37248177839
-0.14229523,0.19271633,0.06026835,37253250685
-0.13129513,0.15471637,0.06026835,37258323613
-0.12029515,0.1117164,0.06426835,37263396536
-0.11529512,0.07871635,0.06426835,37268469208
-0.11729519,0.055716373,0.06326832,37273542131
-0.12429516,0.0457163,0.06326832,37278615041
-0.1372952,0.04771637,0.061268385,37283687887
-0.15429524,0.055716373,0.057268385,37288760791
-0.17029524,0.05471634,0.054268282,37293833483
-0.18029518,0.049716305,0.050268415,37298906420
-0.18829519,0.039716367,0.047268312,37303979343
-0.19829512,0.025716294,0.03926831,37309052276
-0.20229526,0.01771629,0.02826834,37314125123
-0.2082952,0.015716357,0.017268367,37319198051
-0.21929516,0.01671639,0.007268297,37324270974
-0.23129517,0.019716358,-0.002731507,37329343675
-0.24129523,0.029716296,-0.011731544,37334416598
-0.24729517,0.043716367,-0.018731514,37339489454
-0.2532951,0.067716375,-0.026731517,37344562377
-0.25429514,0.101716325,-0.035731554,37349635300
-0.25829515,0.14071631,-0.038731523,37354707997
-0.26529524,0.17871639,-0.038731523,37359780920
-0.2722952,0.2067164,-0.038731523,37364853771
-0.28129524,0.2237163,-0.035731554,37369926771
-0.2872952,0.23371638,-0.02773155,37374999646
-0.2912952,0.23371638,-0.021731481,37380072569
-0.29529518,0.22571637,-0.0147315115,37385145535
-0.29729512,0.2067164,-0.0067315088,37390218228
-0.30129513,0.17471638,0.0012683615,37395291166
-0.30429524,0.12671638,0.010268399,37400364012
-0.29529518,0.07171638,0.02526837,37405436935
-0.27829516,0.007716354,0.04626841,37410509858
-0.2482952,-0.062283475,0.06726832,37415582781
-0.20929523,-0.12728353,0.08826836,37420655474
-0.18129522,-0.18328355,0.105268404,37425728607
-0.16529521,-0.2202836,0.12226831,37430801300
-0.1692952,-0.2322836,0.14026839,37435874137
-0.19129515,-0.2242836,0.16126843,37440947060
-0.2242952,-0.20628352,0.17526837,37446019771
-0.26229516,-0.18928349,0.18726838,37451092925
-0.30029523,-0.17728348,0.1932683,37456165623
-0.3352952,-0.17928356,0.19526838,37461238546
-0.3742952,-0.1932835,0.19426835,37466311449
-0.4152951,-0.20728357,0.18726838,37471384295
-0.4612952,-0.21028353,0.1802684,37476457223
-0.5122952,-0.19028352,0.17026833,37481529915
-0.56229526,-0.1422835,0.15726842,37486603064
-0.6002952,-0.061283574,0.14026839,37491675756
-0.62229526,0.029716296,0.12926841,37496748675
-0.62629527,0.1117164,0.12326834,37501821598
-0.6142953,0.17171629,0.11426831,37506894430
-0.58329517,0.1987164,0.109268405,37511967353
-0.5372952,0.1867164,0.10826837,37517040035
-0.4772952,0.13571627,0.10826837,37522112958
-0.40429527,0.0457163,0.11126834,37527185881
-0.32129514,-0.06728351,0.117268406,37532258814
-0.23629521,-0.18928349,0.12326834,37537331661
-0.1492952,-0.30628356,0.13126835,37542404574
-0.06529517,-0.40528357,0.14126842,37547477497
0.0047046617,-0.47828364,0.14826839,37552550161
0.05570465,-0.5242836,0.15126835,37557623084
0.07870476,-0.5512836,0.15026832,37562695900
0.071704656,-0.56328356,0.14826839,37567768823
0.043703843,-0.5632306,0.14326581,37572841761
-0.0012960735,-0.5532306,0.13326588,37577914453
-0.060296062,-0.53423053,0.11926581,37582987381
-0.13029602,-0.49623054,0.10226577,37588060227
-0.20729609,-0.4392305,0.0832658,37593133227
-0.28929606,-0.3722305,0.063265786,37598206073
-0.36429605,-0.2932305,0.04326578,37603279005
-0.4252961,-0.21023051,0.023265772,37608351698
-0.47429603,-0.12923057,2.6579632E-4,37613424621
-0.5112961,-0.061230548,-0.021734012,37618497535
-0.53329605,-0.013230529,-0.040733986,37623570381
-0.537296,0.015769383,-0.055734094,37628643313
-0.52929604,0.022769352,-0.068734,37633716236
-0.5112961,0.025769321,-0.080734,37638788934
-0.4802961,0.026769355,-0.08973404,37643862087
-0.43829602,0.021769319,-0.09373404,37648934790
-0.39529604,0.018769352,-0.09673401,37654007713
-0.3492961,0.009769314,-0.09473407,37659080563
-0.303296,-0.012230495,-0.08973404,37664153486
-0.26229608,-0.038230572,-0.0837341,37669226400
-0.21729602,-0.05623051,-0.076734,37674299323
-0.17729601,-0.05423058,-0.0757341,37679372001
-0.13929605,-0.042230573,-0.07373403,37684444924
-0.11029602,-0.012230495,-0.0717341,37689517867
-0.08629601,0.022769352,-0.07073407,37694590713
-0.06429607,0.057769332,-0.07473407,37699663640
-0.044296056,0.08276938,-0.07873407,37704736563
-0.027296018,0.10076932,-0.08473401,37709809467
-0.0142959785,0.10776929,-0.09573411,37714882160
0.0017038943,0.10876932,-0.10573404,37719955098
0.016703866,0.10676938,-0.12073402,37725028021
0.03170384,0.10276938,-0.13673402,37730100882
0.050703812,0.09076938,-0.147734,37735173805
0.06670382,0.07976941,-0.15673403,37740246718
0.07370379,0.07176941,-0.167734,37745319410
0.07070382,0.061769336,-0.17573401,37750392329
0.06270382,0.04576933,-0.18373401,37755465176
0.053703915,0.020769285,-0.18773401,37760538190
0.047703847,-0.007230593,-0.19273405,37765611036
0.04870388,-0.033230536,-0.19373408,37770683949
0.047703847,-0.05423058,-0.19073398,37775756872
0.047703847,-0.06623058,-0.18473405,37780829791
0.053703915,-0.06823052,-0.17673405,37785902483
0.05970385,-0.057230547,-0.16573407,37790975320
0.06270382,-0.029230535,-0.151734,37796048320
0.07170386,0.00876928,-0.13773406,37801121142
0.07570386,0.0527693,-0.12473402,37806194065
0.07770379,0.08876931,-0.11273401,37811266747
0.07570386,0.12876932,-0.09973411,37816339670
0.07270389,0.15876941,-0.080734,37821412593
0.06870389,0.17876928,-0.0677341,37826485747
0.06770385,0.19876929,-0.05473406,37831558439
0.06870389,0.21376939,-0.042734053,37836631272
0.06770385,0.22176939,-0.03473405,37841704195
0.06670382,0.22176939,-0.022734046,37846776906
0.06670382,0.20876937,-0.011734075,37851850060
0.06870389,0.18476935,-7.3410413E-4,37856922737
0.07770379,0.15976931,0.012265801,37861995660
0.0937038,0.12876932,0.025265839,37867068492
0.11570387,0.09376935,0.035265777,37872141416
0.13670391,0.057769332,0.04626588,37877214339
0.15870386,0.030769356,0.05626582,37882287262
0.17370383,0.018769352,0.059265785,37887360199
0.18470393,0.018769352,0.063265786,37892432891
0.19070387,0.017769318,0.064265825,37897505829
0.1887038,0.010769348,0.064265825,37902578752
0.18670388,-0.0012305238,0.067265786,37907651599
0.18670388,-0.018230563,0.067265786,37912724522
0.1917039,-0.030230569,0.062265888,37917797214
0.20670387,-0.042230573,0.052265815,37922870137
0.21970391,-0.044230506,0.039265778,37927943060
0.22770391,-0.039230473,0.028265808,37933015983
0.22770391,-0.028230501,0.015265769,37938088915
0.22070381,-0.019230597,0.004265798,37943161761
0.20470381,-0.009230527,-0.007734074,37948234695
0.18270387,0.0047692787,-0.018734045,37953307387
0.16170382,0.016769284,-0.028733982,37958380541
0.14270385,0.029769322,-0.03773402,37963453233
0.123703875,0.044769295,-0.04173402,37968526170
0.10670383,0.0517694,-0.046734057,37973599093
0.092703894,0.054769367,-0.046734057,37978671944
0.08170379,0.0557694,-0.042734053,37983744867
0.07670389,0.061769336,-0.036733985,37988817560
0.07870383,0.06976934,-0.028733982,37993890699
0.08870389,0.08576935,-0.022734046,37998963391
0.09870383,0.10976935,-0.013734009,38004036545
0.10770387,0.13676932,-0.008733974,38009109237
0.11470384,0.15376937,-0.0027340383,38014182079
0.11570387,0.15276934,0.006265865,38019255002
0.11570387,0.1427694,0.014265869,38024327675
0.1137038,0.1307694,0.01926577,38029400829
0.10670383,0.11076939,0.025265839,38034473757
0.08770386,0.08076931,0.031265777,38039546449
0.06770385,0.028769288,0.034265876,38044619401
0.050703812,-0.04523054,0.029265841,38049692247
0.034703806,-0.13523051,0.024265805,38054765194
0.021703903,-0.21523054,0.023265772,38059838117
0.010703798,-0.2612305,0.01926577,38064910993
-0.0052960753,-0.27423054,0.017265836,38069983685
-0.031296685,-0.2511902,0.011263902,38075056809
-0.065296635,-0.19819014,0.0072639007,38080129501
-0.10429662,-0.1251902,0.0022638652,38085202419
-0.14329673,-0.057190176,-0.0057360046,38090275342
-0.18529668,0.004809781,-0.01173594,38095348174
-0.21829672,0.05580977,-0.02173601,38100421097
-0.24229674,0.09880975,-0.03173595,38105494011
-0.25529665,0.13080977,-0.04273592,38110566934
-0.25429675,0.16980974,-0.053736024,38115639631
-0.24629673,0.21280973,-0.06373596,38120712554
-0.23029673,0.25580972,-0.0697359,38125785501
-0.20229672,0.28380972,-0.07073593,38130858347
-0.16829664,0.29280975,-0.0697359,38135931347
-0.12429662,0.27180973,-0.06273593,38141004183
-0.07029667,0.21380976,-0.051735956,38146076876
-0.011296677,0.12580973,-0.03873592,38151149804
0.04470321,0.012809651,-0.02873598,38156222727
0.09670323,-0.116190165,-0.01873591,38161295660
0.14870325,-0.24119012,-0.004735971,38166368506
0.1987032,-0.35219014,0.010263869,38171441496
0.2497032,-0.4301901,0.026263874,38176514342
0.30270326,-0.46019018,0.04126385,38181587371
0.3397033,-0.45119014,0.056263953,38186660218
0.35970318,-0.4071901,0.068263955,38191732934
0.36370316,-0.34419012,0.07926393,38196805857
0.3557033,-0.27719012,0.0862639,38201878775
0.34770316,-0.21319011,0.0862639,38206951698
0.3397033,-0.15519015,0.07826389,38212024621
0.33370322,-0.105190195,0.07026389,38217097448
0.32670325,-0.057190176,0.060263954,38222170371
0.3127032,-0.0031900888,0.04626388,38227243054
0.29170328,0.044809666,0.03126391,38232315977
0.26770326,0.082809746,0.021263972,38237388929
0.23770319,0.10880969,0.006263867,38242461852
0.20770325,0.1208097,-0.0077359388,38247534790
0.18470326,0.11780973,-0.01873591,38252607713
0.16270319,0.10280976,-0.03173595,38257680545
0.14470325,0.074809745,-0.04273592,38262753238
0.12970315,0.037809696,-0.05273599,38267826401
0.11670324,-1.9012098E-4,-0.06273593,38272899093
0.10670317,-0.0381902,-0.07173596,38277972026
0.09870317,-0.07119012,-0.075735964,38283044949
0.09470317,-0.09019009,-0.084736004,38288117877
0.09070317,-0.105190195,-0.088736005,38293190800
0.09670323,-0.1181901,-0.0897359,38298263703
0.10070323,-0.1221901,-0.0897359,38303336550
0.0997032,-0.120190166,-0.09073594,38308409233
0.09770326,-0.112190165,-0.0857359,38313482387
0.09670323,-0.1061901,-0.08273593,38318555107
0.0957032,-0.10219009,-0.076736,38323628030
0.10070323,-0.09419009,-0.068735994,38328700939
0.10570327,-0.08819015,-0.060735993,38333773785
0.1077032,-0.07819022,-0.05273599,38338846703
0.1037032,-0.07219015,-0.04273592,38343919396
0.09370326,-0.07619015,-0.03173595,38348992550
0.07970319,-0.08819015,-0.01873591,38354065233
0.06470322,-0.10319013,-0.0037359372,38359138387
0.048703212,-0.10719013,0.009263968,38364211055
0.026703272,-0.10419016,0.02426394,38369283901
-0.00229664,-0.09519012,0.036263946,38374356886
-0.041296624,-0.08219022,0.043263916,38379429732
-0.076296605,-0.07019021,0.05326385,38384502661
-0.11329665,-0.060190145,0.061263856,38389575584
-0.14029662,-0.057190176,0.06226389,38394648286
-0.15929674,-0.053190175,0.06726392,38399721440
-0.18029664,-0.052190144,0.071263924,38404794372
-0.19329669,-0.049190175,0.07326386,38409867064
-0.20129669,-0.050190207,0.07826389,38414939920
-0.2052967,-0.053190175,0.07926393,38420012920
-0.2052967,-0.05519011,0.07826389,38425085772
-0.2052967,-0.06119018,0.07826389,38430158695
-0.20729662,-0.06619021,0.07726386,38435231608
-0.2132967,-0.060190145,0.07726386,38440304300
-0.21929663,-0.052190144,0.07926393,38445377444
-0.22229673,-0.039190102,0.07926393,38450450136
-0.22329663,-0.022190196,0.07926393,38455523059
-0.21729669,-0.0011901547,0.080263965,38460595982
-0.2132967,0.01880972,0.075263925,38465668921
-0.20829666,0.030809725,0.07226396,38470741767
-0.20729662,0.03580976,0.071263924,38475814695
-0.20629673,0.037809696,0.06726392,38480887618
-0.20729662,0.030809725,0.06326392,38485960526
-0.20929669,0.016809653,0.06526386,38491033449
-0.20629673,-0.0011901547,0.06726392,38496106165
-0.20029666,-0.018190194,0.064263955,38501179012
-0.19529675,-0.03319017,0.060263954,38506252017
-0.19129662,-0.036190134,0.059263922,38511324863
-0.19129662,-0.0351901,0.057263855,38516397786
-0.19029671,-0.020190129,0.058263887,38521470718
-0.19129662,0.007809749,0.056263953,38526543641
-0.19529675,0.039809763,0.052263953,38531616569
-0.20229672,0.063809775,0.04626388,38536689492
-0.20329675,0.073809706,0.04126385,38541762204
-0.20229672,0.06880967,0.036263946,38546835128
-0.20129669,0.05980977,0.028263941,38551908031
-0.19829673,0.043809764,0.022263873,38556980877
-0.18929668,0.034809727,0.01426387,38562053863
-0.18229671,0.021809688,0.010263869,38567126709
-0.18129668,8.097795E-4,0.009263968,38572199685
-0.18429744,-0.020142166,0.0032616341,38577272531
-0.18929748,-0.041142207,0.004261668,38582345439
-0.19529742,-0.054142244,0.0032616341,38587418132
-0.20129749,-0.057142213,0.0012615666,38592491055
-0.20129749,-0.06014218,-0.0027383016,38597563988
-0.20029745,-0.06014218,-0.0077382037,38602636911
-0.19329748,-0.05614218,-0.011738205,38607709834
-0.18529747,-0.045142207,-0.023738211,38612782757
-0.17529741,-0.034142237,-0.038738184,38617855603
-0.17229745,-0.01814223,-0.05073819,38622928526
-0.17429751,0.0038577106,-0.062738195,38628001204
-0.17529741,0.02785772,-0.0747382,38633074127
-0.17629744,0.055857733,-0.0857383,38638147036
-0.17529741,0.079857744,-0.09573824,38643220190
-0.17029737,0.089857675,-0.10473827,38648292896
-0.1632974,0.089857675,-0.11273828,38653365819
-0.14829743,0.081857674,-0.117738314,38658438723
-0.1302975,0.06985767,-0.12373825,38663511569
-0.10629748,0.053857666,-0.12873828,38668584497
-0.07129737,0.016857617,-0.13273829,38673657190
-0.039297488,-0.040142175,-0.13473822,38678730108
-0.007297475,-0.108142205,-0.12973818,38683803262
0.015702501,-0.17714226,-0.12773825,38688876190
0.026702473,-0.23114222,-0.12573832,38693948882
0.026702473,-0.26214218,-0.12073828,38699021800
0.013702434,-0.2701422,-0.11173824,38704094723
-0.010297443,-0.24014226,-0.10473827,38709167554
-0.04029739,-0.17614223,-0.10073827,38714240478
-0.08529744,-0.09114216,-0.09573824,38719313401
-0.14129746,-1.4215773E-4,-0.09473821,38724386093
-0.20629738,0.085857674,-0.09073821,38729459036
-0.27129745,0.1578577,-0.08873827,38734531959
-0.32629743,0.2208577,-0.09273827,38739604872
-0.37129748,0.27085766,-0.0977383,38744677718
-0.40429753,0.31285775,-0.10773824,38749750718
-0.42529744,0.34985766,-0.11073821,38754823641
-0.43629742,0.3788577,-0.11273828,38759896565
-0.4312974,0.3908577,-0.11673828,38764969430
-0.40929744,0.3828577,-0.11173824,38770042353
-0.37029746,0.35585773,-0.10973831,38775115295
-0.3172974,0.3078577,-0.10573831,38780187987
-0.25929743,0.23785774,-0.0937383,38785261137
-0.20129749,0.1578577,-0.08473827,38790333829
-0.14329739,0.07285764,-0.07173823,38795406775
-0.09829748,-0.017142197,-0.05573822,38800479699
-0.059297364,-0.10614227,-0.037738282,38805552549
-0.028297383,-0.19814217,-0.019738209,38810625549
-0.010297443,-0.27514222,2.6166617E-4,38815698391
-2.9737214E-4,-0.32614222,0.018261606,38820771314
0.0017024288,-0.35214216,0.034261614,38825844246
-0.004297374,-0.3491422,0.05326159,38830917169
-0.02029738,-0.32914218,0.07026163,38835990079
-0.046297457,-0.3061422,0.08426157,38841062772
-0.081297435,-0.27614212,0.10226164,38846135948
-0.11629742,-0.24814226,0.11726161,38851208641
-0.15329747,-0.22714221,0.12426158,38856281564
-0.18829745,-0.20914227,0.12926161,38861354487
-0.2222974,-0.20414224,0.13626158,38866427415
-0.25129744,-0.19614224,0.13726161,38871500261
-0.27129745,-0.19014217,0.14026159,38876573289
-0.27929744,-0.17614223,0.14126162,38881646135
-0.27929744,-0.15714225,0.14026159,38886719073
-0.27129745,-0.14614215,0.1392617,38891791997
-0.25329736,-0.15014215,0.13726161,38896864689
-0.2262974,-0.16114226,0.13526168,38901937612
-0.19329748,-0.18614216,0.13126169,38907010535
-0.16229737,-0.22114228,0.12626165,38912083487
-0.13329746,-0.2541422,0.12326168,38917156410
-0.10929745,-0.2821422,0.11726161,38922229236
-0.088297404,-0.29314217,0.11326161,38927302236
-0.07329743,-0.29714218,0.10926161,38932375083
-0.0642974,-0.29914224,0.10526161,38937448006
-0.057297427,-0.29814222,0.10826158,38942520925
-0.05529736,-0.28114218,0.11226158,38947593617
-0.057297427,-0.2501422,0.10926161,38952666770
-0.0642974,-0.20014223,0.10326167,38957739462
-0.0722974,-0.13814227,0.10126161,38962812361
-0.08729737,-0.072142184,0.09826164,38967885284
-0.10229748,-0.006142227,0.09526167,38972958208
-0.11329745,0.057857666,0.09426164,38978031127
-0.117297456,0.11585762,0.09426164,38983104050
-0.11829749,0.16785765,0.08826157,38988176915
-0.115297385,0.21985766,0.08626164,38993249838
-0.105297446,0.26185775,0.0852616,38998322775
-0.090297475,0.29485765,0.08426157,39003395698
-0.0722974,0.32485774,0.08426157,39008468636
-0.054297462,0.34985766,0.0812616,39013541329
-0.03329742,0.3598577,0.0772616,39018614227
-0.010297443,0.35685775,0.07926167,39023687150
0.011702499,0.3428577,0.0802617,39028760059
0.041702446,0.32185778,0.0802617,39033832982
0.07270242,0.30285767,0.07526166,39038905905
0.100702435,0.2908578,0.07126166,39043978828
0.123702414,0.28985775,0.069261596,39049051674
0.13670245,0.30185777,0.06026169,39054124583
0.13870251,0.31885767,0.05326159,39059197506
0.13170241,0.33485767,0.05026162,39064270203
0.123702414,0.34585765,0.042261615,39069343357
0.116702445,0.3588577,0.03226168,39074416280
0.11270244,0.36385772,0.025261575,39079489203
0.104702435,0.3748577,0.015261639,39084561881
0.0947025,0.38985768,0.006261602,39089634804
0.08470243,0.40385774,0.0032616341,39094707762
0.07270242,0.42185768,-7.382343E-4,39099780608
0.056702416,0.44085765,-0.004738236,39104853574
0.042702477,0.45485774,-7.382343E-4,39109926421
0.034702476,0.46785775,0.0022616005,39114999426
0.034702476,0.47185776,0.0032616341,39120072272
0.043702513,0.46385777,0.004261668,39125145185
0.058702484,0.45585775,0.00926157,39130218108
0.07970239,0.44685772,0.012261671,39135291046
0.0997024,0.43485773,0.0132615715,39140363738
0.12670238,0.41785768,0.014261605,39145436665
0.15170242,0.38785774,0.015261639,39150509819
0.17670247,0.34985766,0.020261673,39155582484
0.20370245,0.31485766,0.022261608,39160655407
0.22870249,0.28485772,0.024261676,39165728310
0.2487025,0.25585768,0.014261605,39170801233
0.26970252,0.22585773,0.00926157,39175874161
0.28670245,0.19585766,-7.382343E-4,39180947084
0.2997025,0.16085768,-0.010738305,39186019954
0.31370255,0.12485766,-0.021738276,39191092877
0.32070252,0.090857714,-0.03073818,39196165781
0.32270247,0.0708577,-0.041738283,39201238705
0.32070252,0.059857734,-0.052738257,39206311642
0.3117025,0.05285763,-0.066738196,39211384334
0.3007025,0.04185766,-0.0777383,39216457474
0.28670245,0.025857653,-0.08773824,39221530166
0.2777024,0.007857712,-0.09973824,39226603320
0.27170247,-0.009142195,-0.11173824,39231676012
0.27270252,-0.02814217,-0.12473828,39236748911
0.2767025,-0.052142177,-0.1407383,39241821834
0.2857024,-0.07714222,-0.15873823,39246894733
0.29470244,-0.101142235,-0.1777382,39251967656
0.31070244,-0.112142205,-0.20073831,39257040477
0.3367024,-0.107142165,-0.21773823,39262113477
0.36170244,-0.09014226,-0.23373823,39267186352
0.38870242,-0.069142215,-0.24573824,39272259352
0.41270244,-0.044142175,-0.25473827,39277332198
0.42870244,-0.029142203,-0.2637382,39282405126
0.44570246,-0.023142133,-0.27273822,39287478049
0.46070245,-0.030142237,-0.27273822,39292550742
0.4737025,-0.051142145,-0.27273822,39297623665
0.48270252,-0.07914215,-0.26973823,39302696588
0.4907025,-0.111142166,-0.26573825,39307769742
0.49670246,-0.14214215,-0.2597383,39312842439
0.49970242,-0.17114219,-0.24673827,39317915593
0.50470257,-0.20214218,-0.23673819,39322988299
0.51270247,-0.23614225,-0.22273825,39328061145
0.5257025,-0.28814226,-0.20673825,39333134145
0.54770243,-0.35814223,-0.19573829,39338206992
0.57470256,-0.4431423,-0.18873832,39343279905
0.60470253,-0.5301422,-0.1737382,39348352828
0.63070256,-0.5921421,-0.1537382,39353425819
0.6447025,-0.5961421,-0.13073821,39358498665
0.63670254,-0.53814214,-0.10373824,39363571617
0.6057025,-0.4281422,-0.0697383,39368644540
0.5587025,-0.28314224,-0.03673825,39373717217
0.5017025,-0.12714218,-0.0017382681,39378790371
0.4387025,0.019857718,0.031261645,39383863079
0.38670248,0.13785769,0.062261626,39388936002
0.34970245,0.23385774,0.09426164,39394008910
0.32970244,0.31785762,0.13126169,39399082064
0.32070252,0.33485767,0.14826159,39404154766
0.30270246,0.3478577,0.14226165,39409227689
0.28370246,0.3478577,0.13426165,39414300655
0.26270244,0.32485774,0.12926161,39419373501
0.24770246,0.28185776,0.12026158,39424446521
0.23970246,0.2288577,0.10926161,39429519367
0.2327025,0.15585764,0.10526161,39434592036
0.22870249,0.06585767,0.10226164,39439665190
0.22770245,-0.02814217,0.09626157,39444738103
0.22870249,-0.13314225,0.08426157,39449811026
0.2327025,-0.23114222,0.0762617,39454883964
0.24570239,-0.31114224,0.06426169,39459956887
0.25970247,-0.37014225,0.05026162,39465029564
0.27270252,-0.40814218,0.038261615,39470102718
0.28370246,-0.4321422,0.024261676,39475175406
0.29470244,-0.4441422,0.010261604,39480248253
0.30970255,-0.44914225,0.0022616005,39485321214
0.31970248,-0.44214228,-0.004738236,39490394060
0.32470253,-0.41314223,-0.012738239,39495467074
0.32270247,-0.37014225,-0.018738175,39500539997
0.31470245,-0.3211422,-0.021738276,39505612920
0.30470252,-0.26714224,-0.020738242,39510685839
0.29170248,-0.21314228,-0.018738175,39515758762
0.2767025,-0.16114226,-0.018738175,39520831588
0.25470242,-0.11014227,-0.018738175,39525904511
0.22870249,-0.065142214,-0.016738242,39530977421
0.20670241,-0.03914214,-0.011738205,39536050113
0.18370244,-0.020142166,-0.006738303,39541123296
0.16470246,-0.01414223,0.0032616341,39546196219
0.15370248,-0.01814223,0.010261604,39551269127
0.1467024,-0.026142234,0.01926164,39556342050
0.14170249,-0.040142175,0.031261645,39561414968
0.13470238,-0.051142145,0.04626162,39566487660
0.12570249,-0.059142146,0.06126159,39571560578
0.11470251,-0.06214225,0.07826163,39576633502
0.10370161,-0.059091788,0.09025924,39581706425
0.09370167,-0.052091684,0.10225924,39586779329
0.08870163,-0.042091746,0.10825918,39591852252
0.07870169,-0.029091708,0.11525928,39596925180
0.063701585,9.081042E-4,0.11825925,39601998103
0.043701578,0.045908157,0.12025918,39607071021
0.023701705,0.100908145,0.12325928,39612143944
0.0117017,0.14790814,0.12525922,39617216795
0.007701698,0.18390815,0.12525922,39622289718
0.009701633,0.20390815,0.12525922,39627362647
0.018701669,0.20490819,0.12525922,39632435647
0.034701675,0.19890812,0.12325928,39637508522
0.055701584,0.19190815,0.12225925,39642581522
0.07870169,0.18490818,0.12025918,39647654141
0.10470164,0.17790821,0.12225925,39652727295
0.12770161,0.1739082,0.11825925,39657800238
0.14470166,0.1659082,0.11325921,39662872930
0.15470159,0.11090822,0.10425918,39667946084
0.14970168,0.049908157,0.09825924,39673018777
0.12870164,0.03690812,0.09325921,39678091930
0.11670164,0.031908218,0.08825917,39683164623
0.11170161,0.013908142,0.06325926,39688237560
0.10170167,-0.014091736,0.038259216,39693310483
0.079701595,-0.06809169,0.020259276,39698383416
0.05770165,-0.121091746,0.00525917,39703456339
0.032701608,-0.15209173,-0.0117406035,39708529262
0.0067016645,-0.15209173,-0.02774061,39713602175
-0.025298215,-0.12809171,-0.045740683,39718675021
-0.0682982,-0.08509173,-0.060740657,39723748026
-0.114298284,-0.025091706,-0.06774063,39728820873
-0.15229823,0.041908152,-0.06974069,39733893906
-0.18629831,0.11290815,-0.07274066,39738966752
-0.21329829,0.17690818,-0.0737407,39744039685
-0.2332983,0.22690813,-0.0777407,39749112608
-0.25629827,0.26390818,-0.08474067,39754185541
-0.2812983,0.27790812,-0.0897407,39759258464
-0.30529818,0.26390818,-0.09274067,39764331126
-0.3292982,0.22490819,-0.0937407,39769404280
-0.3482983,0.16790813,-0.08874067,39774477222
-0.3592983,0.107908115,-0.07274066,39779550146
-0.35829824,0.056908127,-0.05474059,39784622838
-0.35429823,0.023908213,-0.03774068,39789695761
-0.35429823,0.006908173,-0.019740608,39794768674
-0.3612982,-0.0050916984,-0.0037406003,39799841597
-0.37229833,-0.020091671,0.014259207,39804914520
-0.38029832,-0.041091714,0.034259215,39809987443
-0.38629827,-0.060091686,0.044259287,39815060366
-0.38229826,-0.07109179,0.055259258,39820133289
-0.37229833,-0.07609169,0.07025923,39825206233
-0.37029827,-0.06809169,0.08425917,39830279156
-0.3792983,-0.046091747,0.09725921,39835351997
-0.3952983,-0.011091768,0.10825918,39840424997
-0.40929824,0.018908178,0.11525928,39845497823
-0.41729823,0.035908084,0.12125922,39850570823
-0.4242982,0.04490812,0.12425918,39855643746
-0.42929825,0.04090812,0.12125922,39860716592
-0.43029827,0.021908145,0.11725921,39865789511
-0.4192983,0.004908106,0.11325921,39870862511
-0.40129822,-0.006091732,0.10725928,39875935333
-0.3812982,-0.021091705,0.09525927,39881008256
-0.36229825,-0.041091714,0.08425917,39886081179
-0.34629825,-0.051091783,0.0732592,39891154102
-0.3242983,-0.049091715,0.06425929,39896227025
-0.29029822,-0.041091714,0.05025922,39901299944
-0.2502982,-0.04309178,0.037259184,39906372636
-0.20829825,-0.062091753,0.021259176,39911445770
-0.17229824,-0.1000917,0.0042592697,39916518462
-0.14829823,-0.14909175,-0.013740671,39921591626
-0.13129818,-0.20609167,-0.030740578,39926664319
-0.11629822,-0.2540917,-0.043740615,39931737497
-0.10529824,-0.28409177,-0.050740585,39936810190
-0.09929818,-0.29009172,-0.056740656,39941883122
-0.09029827,-0.2780917,-0.05974062,39946956276
-0.0762982,-0.24809176,-0.05774069,39952028963
-0.0642982,-0.19809167,-0.05174062,39957101886
-0.05029826,-0.1510917,-0.04774062,39962174809
-0.035298284,-0.12209178,-0.043740615,39967247747
-0.021298213,-0.123091675,-0.042740583,39972320670
-0.01929828,-0.14209178,-0.03774068,39977393584
-0.028298182,-0.1700918,-0.028740644,39982466507
-0.04729829,-0.18709171,-0.017740672,39987539421
-0.07029827,-0.1820918,-0.0027406998,39992612344
-0.098298274,-0.16109176,0.012259273,39997685262
-0.13029829,-0.13409178,0.027259246,40002758185
-0.16429824,-0.10309167,0.042259216,40007831031
-0.20329823,-0.06309166,0.060259294,40012904031
-0.2412983,-0.022091739,0.0732592,40017976896
-0.2802983,0.021908145,0.07925927,40023049896
-0.32629824,0.065908164,0.09025924,40028122732
-0.36729828,0.10290821,0.09625918,40033195656
-0.3992983,0.12390812,0.10025918,40038268589
-0.41829827,0.12490816,0.09825924,40043341512
-0.42129824,0.115908116,0.09425924,40048414464
-0.41829827,0.104908146,0.08925921,40053487387
-0.4032983,0.093908176,0.08825917,40058560377
-0.38329828,0.0799081,0.09025924,40063633223
-0.35629833,0.06390809,0.09225917,40068706117
-0.32629824,0.04390809,0.09425924,40073779040
-0.2972982,0.007908206,0.10125921,40078851743
-0.2682987,-0.03706773,0.11125808,40083924896
-0.2342986,-0.08706781,0.12625805,40088997584
-0.19629864,-0.14406773,0.1432581,40094070738
-0.15429856,-0.20906779,0.15425806,40099143636
-0.11429869,-0.27806774,0.1632581,40104216559
-0.074298665,-0.3480677,0.16825813,40109289251
-0.04429859,-0.4030678,0.1712581,40114362390
-0.032298584,-0.42706782,0.17425807,40119435313
-0.03429865,-0.4390678,0.17025807,40124507996
-0.047298558,-0.44306782,0.1592581,40129580920
-0.0762986,-0.43606773,0.15025806,40134653800
-0.108298615,-0.41706774,0.14025812,40139726723
-0.14929867,-0.39006776,0.12725809,40144799622
-0.18729861,-0.3640677,0.113258146,40149872545
-0.22729863,-0.33706772,0.09525807,40154945468
-0.26529872,-0.30606773,0.07825803,40160018391
-0.29729858,-0.26906767,0.060258094,40165091304
-0.32329866,-0.23106775,0.03925805,40170164227
-0.34329867,-0.18306772,0.018258143,40175237169
-0.3532986,-0.1380678,-7.4183155E-4,40180310092
-0.3532986,-0.10406772,-0.018741772,40185382906
-0.34829858,-0.07506781,-0.030741777,40190455906
-0.3322987,-0.057067737,-0.034741778,40195528843
-0.30229864,-0.049067736,-0.03874178,40200601766
-0.26629862,-0.051067803,-0.041741747,40205674665
-0.2292987,-0.056067705,-0.042741783,40210747588
-0.19729869,-0.053067736,-0.03874178,40215820501
-0.17229864,-0.03706773,-0.033741746,40220893424
-0.14729859,-0.02006769,-0.026741775,40225966285
-0.123298585,0.011932056,-0.02174174,40231039208
-0.09829868,0.052932106,-0.016741838,40236112150
-0.07529857,0.10393209,-0.009741736,40241185150
-0.06329856,0.16293222,-0.0027417657,40246257992
-0.056298595,0.22793214,0.003258037,40251330915
-0.046298657,0.29093215,0.009258105,40256403905
-0.04029859,0.34593213,0.014258141,40261476751
-0.03729862,0.38993216,0.012258073,40266549751
-0.03129855,0.4189322,0.009258105,40271622632
-0.028298583,0.43693212,0.006258138,40276695555
-0.026298648,0.43693212,0.0022581364,40281768483
-0.021298613,0.42393222,-0.0027417657,40286841406
-0.011298675,0.40193215,-0.009741736,40291914329
0.0077012987,0.3689321,-0.016741838,40296987253
0.03370124,0.3219321,-0.024741841,40302060282
0.066701286,0.2729322,-0.035741813,40307133128
0.0957012,0.2219322,-0.046741784,40312206156
0.11870131,0.17193212,-0.056741722,40317279002
0.13470131,0.12593217,-0.066741794,40322351935
0.13770129,0.09593209,-0.073741764,40327424858
0.13470131,0.08593215,-0.08774183,40332497800
0.12970129,0.09593209,-0.09774177,40337570723
0.11870131,0.11793216,-0.10674181,40342643646
0.10870124,0.15393218,-0.11374178,40347716627
0.096701235,0.1989321,-0.12574178,40352789473
0.089701265,0.23993215,-0.12974179,40357862397
0.076701224,0.27093214,-0.13374178,40362935349
0.06470122,0.2859321,-0.13674176,40368008272
0.05370125,0.29093215,-0.13574173,40373081185
0.039701313,0.2899321,-0.13474181,40378153877
0.02570124,0.29193217,-0.13374178,40383227031
0.01870127,0.28693214,-0.12674181,40388299954
0.024701206,0.2849322,-0.12074175,40393372877
0.038701277,0.2849322,-0.11374178,40398445570
0.054701284,0.2809322,-0.10974178,40403518728
0.074701294,0.27893212,-0.10374184,40408591651
0.0997012,0.27593216,-0.0907418,40413664575
0.12970129,0.27193215,-0.0787418,40418737493
0.16270132,0.26093218,-0.068741724,40423810416
0.19470121,0.24693212,-0.053741753,40428883348
0.22070128,0.23093212,-0.039741814,40433956040
0.23970126,0.20993221,-0.028741842,40439029199
0.25370133,0.18493216,-0.016741838,40444101891
0.26370126,0.15493222,-0.001741732,40449175031
0.27470124,0.12293207,0.006258138,40454247954
0.27970126,0.09193209,0.013258107,40459320628
0.2807013,0.06593215,0.025258113,40464393781
0.27470124,0.046932172,0.03525805,40469466474
0.2647013,0.035932068,0.04125812,40474539642
0.2567013,0.030932164,0.047258053,40479612334
0.24370126,0.0329321,0.05625809,40484685498
0.22670121,0.037932135,0.05925806,40489758190
0.21270128,0.044932105,0.060258094,40494831103
0.19470121,0.049932137,0.06325806,40499904026
0.1777013,0.058932174,0.06225816,40504976949
0.1577013,0.058932174,0.05925806,40510049872
0.14370123,0.05393214,0.054258157,40515122796
0.13770129,0.038932167,0.047258053,40520195949
0.13670126,0.017932126,0.03925805,40525268878
0.13470131,-6.7681474E-5,0.027258046,40530341801
0.13470131,-0.021067724,0.014258141,40535414498
0.14070125,-0.04506773,0.0022581364,40540487421
0.14270131,-0.06806771,-0.004741833,40545560584
0.14170128,-0.07306775,-0.011741803,40550633276
0.14170128,-0.06806771,-0.016741838,40555706445
0.13970122,-0.05406777,-0.02174174,40560779368
0.13870132,-0.049067736,-0.026741775,40565852252
0.13670126,-0.061067738,-0.024741841,40570925175
0.13770129,-0.07906781,-0.019741805,40575998103
0.13770129,-0.09006778,-0.018741772,40581071027
0.13170055,-0.08802482,-0.01774387,40586143733
0.123700544,-0.07802488,-0.0097438665,40591216887
0.12270051,-0.060024805,-7.4383005E-4,40596289584
0.120700575,-0.03702483,0.0032560383,40601362738
0.114700645,-0.02002479,0.006256006,40606435666
0.11170054,-0.011024885,0.009256108,40611508358
0.109700605,-0.019024888,0.011256042,40616581501
0.113700606,-0.0470249,0.008256074,40621654424
0.121700615,-0.10902486,-7.4383005E-4,40626727381
0.13370061,-0.2020248,-0.010743767,40631800074
0.14970063,-0.30102494,-0.016743837,40636873241
0.16570063,-0.37702483,-0.020743838,40641945934
0.17970057,-0.41002488,-0.022743773,40647019088
0.19370064,-0.40202487,-0.023743806,40652092006
0.1967006,-0.35402486,-0.01874377,40657164698
0.19170058,-0.28102493,-0.014743769,40662237838
0.17570056,-0.20102489,-0.006743766,40667310761
0.15870066,-0.11102479,0.0052561057,40672383679
0.14770055,-0.011024885,0.01725611,40677456371
0.1487006,0.08797499,0.025256114,40682529496
0.1567006,0.174975,0.03425602,40687602189
0.17570056,0.24897508,0.044256087,40692675347
0.2047006,0.301975,0.055256058,40697748271
0.23970059,0.32497498,0.06325606,40702821179
0.2797006,0.32197502,0.072256096,40707894102
0.32070065,0.29597506,0.081256,40712967102
0.3577006,0.25197506,0.091256075,40718039948
0.38770053,0.190975,0.10525601,40723112871
0.40870056,0.1189751,0.11825605,40728185794
0.41870064,0.053975042,0.11825605,40733258717
0.42070055,0.004974988,0.11125608,40738331664
0.4097006,-0.050024867,0.10425611,40743404587
0.3937006,-0.11502479,0.09425604,40748477275
0.36970058,-0.18202493,0.088256106,40753550429
0.33670053,-0.23302491,0.084256105,40758623083
0.30770063,-0.26502493,0.080256104,40763696237
0.27670065,-0.27102485,0.072256096,40768769150
0.2487005,-0.25502485,0.064256094,40773842073
0.22770059,-0.2130249,0.062256027,40778915011
0.21070054,-0.15302488,0.058256026,40783987934
0.20270054,-0.07602481,0.055256058,40789060852
0.2047006,0.00897499,0.051256057,40794133775
0.21470055,0.08997505,0.040256087,40799206674
0.22770059,0.16297498,0.030256016,40804279597
0.24570052,0.21797498,0.027256047,40809352578
0.25870058,0.25997505,0.02425608,40814425425
0.26570055,0.277975,0.01825601,40819498429
0.26670057,0.269975,0.009256108,40824571275
0.26570055,0.23897502,0.0022560046,40829644194
0.26570055,0.17197502,-0.0047438317,40834717117
0.26070064,0.08597505,-0.011743801,40839790044
0.24970053,-0.008024784,-0.019743804,40844862967
0.22970052,-0.09702485,-0.026743773,40849935919
0.20670055,-0.17602485,-0.033743877,40855008919
0.18370058,-0.23902485,-0.04274378,40860081775
0.15970056,-0.28202483,-0.04974375,40865154775
0.12870058,-0.31102487,-0.05374375,40870227712
0.09570053,-0.32302487,-0.057743754,40875300559
0.057700586,-0.31402484,-0.061743755,40880373559
0.018700603,-0.28702486,-0.068743855,40885446405
-0.017299278,-0.2520249,-0.07874379,40890519405
-0.053299293,-0.2050249,-0.088743865,40895592251
-0.08229934,-0.15602484,-0.092743866,40900665270
-0.10229935,-0.11102479,-0.093743764,40905738116
-0.12529932,-0.07802488,-0.10074387,40910811126
-0.14329927,-0.051024903,-0.10374384,40915884049
-0.1602993,-0.02302489,-0.10374384,40920956982
-0.17029923,0.004974988,-0.102743804,40926029905
-0.17429937,0.020974994,-0.095743835,40931102843
-0.16529934,0.030975064,-0.08774383,40936175766
-0.1442993,0.026975064,-0.080743864,40941248675
-0.11729932,0.013975025,-0.07174382,40946321598
-0.085299306,-0.013024819,-0.06274379,40951394521
-0.04929929,-0.042024866,-0.05374375,40956467443
-0.013299276,-0.071024776,-0.04274378,40961540366
0.015700636,-0.09502479,-0.03474378,40966613285
0.03970051,-0.11102479,-0.026743773,40971686439
0.057700586,-0.11102479,-0.019743804,40976759135
0.07170053,-0.10402482,-0.013743868,40981832058
0.08170059,-0.08302478,-0.008743833,40986904968
0.08070056,-0.0520248,-0.0047438317,40991978121
0.074700624,-0.0070248838,-0.0047438317,40997050819
0.061700586,0.03997497,-0.0047438317,41002123973
0.043700512,0.08497502,-0.006743766,41007196891
0.022700606,0.1189751,-0.0097438665,41012269583
-0.006299306,0.14297497,-0.01774387,41017342747
-0.041299287,0.16197509,-0.019743804,41022415670
-0.081299305,0.17797509,-0.025743874,41027488347
-0.12129932,0.19597504,-0.03574381,41032561501
-0.15929927,0.2139751,-0.04174388,41037634410
-0.18829931,0.22997499,-0.04574375,41042707333
-0.20829932,0.24297501,-0.051743817,41047780251
-0.22429933,0.24597499,-0.057743754,41052853174
-0.2352993,0.24797505,-0.05974382,41057926093
-0.24229927,0.24297501,-0.06274379,41062999093
-0.2512993,0.22497508,-0.068743855,41068071939
-0.26029935,0.190975,-0.06974376,41073144862
-0.26829934,0.15397508,-0.072743855,41078217775
-0.27829927,0.1229751,-0.07374376,41083290698
-0.28529993,0.09701166,-0.07274559,41088363641
-0.2922999,0.07801169,-0.06674552,41093436564
-0.30129993,0.05801168,-0.060745586,41098509540
-0.30729985,0.03501157,-0.052745584,41103582463
-0.31429997,0.012011596,-0.042745512,41108655386
-0.31729993,-0.012988181,-0.03374561,41113728313
-0.3202999,-0.03698819,-0.02074557,41118801160
-0.3242999,-0.0609882,-0.0067454977,41123874176
-0.32529992,-0.08698828,0.0022542726,41128947022
-0.32629997,-0.09998832,0.013254377,41134020031
-0.32229984,-0.09998832,0.026254281,41139092954
-0.3162999,-0.09098828,0.034254286,41144165877
-0.30729985,-0.072988205,0.038254287,41149238800
-0.29829997,-0.058988266,0.043254323,41154311733
-0.29029995,-0.04998823,0.043254323,41159384656
-0.28229994,-0.040988192,0.042254288,41164457588
-0.2722999,-0.041988228,0.041254256,41169530511
-0.25929984,-0.052988198,0.03725425,41174603426
-0.24729997,-0.06798831,0.031254318,41179676579
-0.23429993,-0.08998825,0.028254349,41184749248
-0.21829993,-0.12298829,0.02125438,41189822402
-0.19929995,-0.1629883,0.014254278,41194895079
-0.18329994,-0.21098833,0.007254308,41199968233
-0.16729994,-0.24798824,-7.45562E-4,41205041171
-0.15629983,-0.27198824,-0.012745567,41210114094
-0.15329987,-0.28998834,-0.024745572,41215187021
-0.15029989,-0.30598834,-0.036745578,41220259713
-0.15029989,-0.30998832,-0.050745517,41225332882
-0.15529993,-0.30298823,-0.06674552,41230405805
-0.1622999,-0.2929883,-0.08274553,41235478737
-0.16929987,-0.28398827,-0.0977455,41240551660
-0.17729987,-0.26398826,-0.112745605,41245624599
-0.18829985,-0.23198824,-0.12174551,41250697522
-0.19229984,-0.19198821,-0.12274554,41255770445
-0.19229984,-0.1549883,-0.12674555,41260843363
-0.18829985,-0.12998827,-0.12174551,41265916286
-0.18229991,-0.092988215,-0.108745605,41270989286
-0.16529986,-0.050988264,-0.08774556,41276062209
-0.14329992,-0.010988247,-0.06174562,41281135132
-0.11829989,0.00601166,-0.03474551,41286208055
-0.087299906,-0.008988179,0.0022542726,41291280915
-0.053299826,-0.0599883,0.040254354,41296353915
-0.015299876,-0.13698824,0.075254336,41301426853
0.014699936,-0.2099883,0.10625432,41306499777
0.03270001,-0.2499883,0.13925436,41311572700
0.02269994,-0.23698828,0.1692543,41316645853
-0.015299876,-0.19298825,0.19025435,41321718531
-0.07329983,-0.1389883,0.20425428,41326791685
-0.13329986,-0.096988216,0.21325432,41331864608
-0.18429984,-0.08398831,0.21125425,41336937310
-0.23229986,-0.10198825,0.19625428,41342010464
-0.27429995,-0.15698823,0.1692543,41347083161
-0.31829995,-0.22798823,0.1362544,41352156315
-0.36929995,-0.28998834,0.09625438,41357229233
-0.4152999,-0.31598827,0.05625436,41362302233
-0.4542999,-0.3009883,0.017254379,41367375093
-0.48429984,-0.26398826,-0.017745603,41372448093
-0.5053,-0.2149882,-0.052745584,41377520955
-0.51829994,-0.17498831,-0.07674559,41382593878
-0.5243,-0.15398827,-0.09174556,41387666878
-0.51829994,-0.15998821,-0.10274553,41392739709
-0.49129993,-0.18798822,-0.104745604,41397812680
-0.44229987,-0.22098826,-0.09574556,41402885603
-0.3832999,-0.25198823,-0.08074559,41407958526
-0.31429997,-0.2769883,-0.05874552,41413031420
-0.24229993,-0.3049883,-0.03774561,41418104574
-0.17129993,-0.3369883,-0.0137456,41423177266
-0.10029995,-0.37398836,0.010254276,41428250189
-0.03329982,-0.4199883,0.03525432,41433323358
0.02269994,-0.4669883,0.06025436,41438396051
0.06769999,-0.49798828,0.085254274,41443469213
0.099700004,-0.5099883,0.10625432,41448542136
0.10870004,-0.5039882,0.12425439,41453614839
0.100700036,-0.48398834,0.1372543,41458687993
0.076700024,-0.4519883,0.14325437,41463760916
0.041700047,-0.41498828,0.15125437,41468833839
-0.005299939,-0.3719883,0.15125437,41473906738
-0.056299925,-0.32398826,0.14425427,41478979661
-0.105299845,-0.26598832,0.1362544,41484052584
-0.14929986,-0.18798822,0.12625432,41489125507
-0.18529987,-0.10098822,0.11125435,41494198512
-0.20829986,-0.016988182,0.09125434,41499271358
-0.22029985,0.053011645,0.07925434,41504344276
-0.22029985,0.09601163,0.069254264,41509417276
-0.20629992,0.112011634,0.061254263,41514490224
-0.18329994,0.109011665,0.050254293,41519563147
-0.15729986,0.09401156,0.038254287,41524636084
-0.13229983,0.07401169,0.03225435,41529709007
-0.11329985,0.05701165,0.029254382,41534781940
-0.10329991,0.05701165,0.029254382,41539854863
-0.097299844,0.06101165,0.029254382,41544927781
-0.09129991,0.07101159,0.034254286,41550000704
-0.09229994,0.08701159,0.040254354,41555073651
-0.09629994,0.10801163,0.047254324,41560146805
-0.10429995,0.14601158,0.055254325,41565219728
-0.11829989,0.19301157,0.05925433,41570292651
-0.13129993,0.24201162,0.061254263,41575365349
-0.14029996,0.28701168,0.05925433,41580438272
-0.1462999,0.31801164,0.058254294,41585511421
-0.14430036,0.33404323,0.056252763,41590584344
-0.13930033,0.34404317,0.05425283,41595657320
-0.12630042,0.34604323,0.052252762,41600730243
-0.11330038,0.3410432,0.04725286,41605803151
-0.09630034,0.32804316,0.043252856,41610875997
-0.07730037,0.31504312,0.039252855,41615948983
-0.060300328,0.30304325,0.038252823,41621021906
-0.03930042,0.2950431,0.037252788,41626094815
-0.014300375,0.28804314,0.036252756,41631167738
0.0076994337,0.28804314,0.029252784,41636240661
0.024699474,0.28604323,0.028252885,41641313815
0.035699446,0.28404313,0.029252784,41646386508
0.038699545,0.28704324,0.03225275,41651459641
0.044699483,0.30004317,0.035252854,41656532334
0.045699514,0.31204316,0.031252854,41661605493
0.045699514,0.32304314,0.026252817,41666678416
0.049699515,0.33004323,0.024252882,41671751334
0.056699485,0.33804324,0.021252781,41676824257
0.068699494,0.35004324,0.020252882,41681897171
0.0846995,0.35804325,0.018252814,41686970171
0.098699436,0.37104315,0.014252812,41692043017
0.11369954,0.38004318,0.014252812,41697116002
0.12769948,0.3890432,0.018252814,41702188848
0.14369948,0.40304315,0.024252882,41707261838
0.1596995,0.4240432,0.027252851,41712334761
0.17469947,0.44304317,0.03425282,41717407642
0.1836995,0.45804328,0.042252824,41722480565
0.19669954,0.4680432,0.05125286,41727553464
0.20769951,0.47204322,0.056252763,41732626618
0.21669956,0.4730431,0.057252795,41737699344
0.2226995,0.46604314,0.05525286,41742772498
0.22169945,0.44704318,0.05425283,41747845445
0.22469956,0.4160432,0.052252762,41752918368
0.22869955,0.36204323,0.048252758,41757991267
0.23169953,0.30204323,0.044252757,41763064190
0.23969953,0.23104322,0.039252855,41768137190
0.2466995,0.15204322,0.03425282,41773210036
0.24869943,0.07804313,0.028252885,41778282968
0.24869943,0.018043108,0.022252815,41783355891
0.2506995,-0.025956644,0.019252848,41788428886
0.24969946,-0.049956653,0.015252845,41793501810
0.24769953,-0.060956758,0.0122528775,41798574723
0.24069956,-0.05495669,0.009252776,41803647876
0.22769952,-0.035956714,0.011252844,41808720583
0.21069948,-0.005956636,0.008252876,41813793737
0.19469948,0.024043176,0.005252775,41818866444
0.17869946,0.047043152,0.0022528071,41823939367
0.16069953,0.05304322,-0.0047470294,41829012525
0.13969949,0.055043157,-0.010747098,41834085448
0.11769954,0.04904322,-0.016747033,41839158376
0.10569954,0.04104322,-0.019747002,41844231299
0.09569947,0.033043213,-0.02574707,41849304294
0.08669943,0.019043142,-0.031747006,41854377140
0.080699496,0.005043202,-0.035747007,41859450140
0.07569946,-0.0049567353,-0.03874711,41864523063
0.067699455,-0.009956637,-0.03874711,41869595910
0.05769952,-0.0069566695,-0.037747074,41874668901
0.045699514,-0.001956634,-0.035747007,41879742055
0.037699513,0.0070431363,-0.028747039,41884815011
0.028699474,0.02504321,-0.022747103,41889887703
0.020699471,0.047043152,-0.0147471,41894960876
0.009699501,0.06604312,-0.0077469973,41900033568
-0.004300438,0.07804313,0.0022528071,41905106703
-0.018300377,0.081043236,0.01025281,41910179626
-0.031300414,0.090043135,0.021252781,41915252525
-0.04030032,0.092043206,0.036252756,41920325448
-0.04230039,0.090043135,0.048252758,41925398155
-0.03530042,0.07104316,0.063252866,41930471385
-0.020300444,0.04104322,0.073252805,41935544213
-3.0043646E-4,4.316692E-5,0.080252774,41940617213
0.028699474,-0.05895669,0.08325287,41945690131
0.072699495,-0.13895673,0.084252775,41950763054
0.13669951,-0.23795673,0.084252775,41955835968
0.20969945,-0.3399567,0.084252775,41960908891
0.27869952,-0.42595667,0.08525281,41965981814
0.3336995,-0.48895666,0.084252775,41971054737
0.3636996,-0.5039566,0.084252775,41976127871
0.37669948,-0.4709567,0.088252775,41981200794
0.3806995,-0.40195665,0.088252775,41986273737
0.37669948,-0.31795675,0.08525281,41991346660
0.3656995,-0.23995666,0.080252774,41996419578
0.34869948,-0.16295673,0.07625277,42001492501
0.32669953,-0.08995667,0.06725287,42006565414
0.3026995,-0.01695674,0.052252762,42011638414
0.27869952,0.048043188,0.030252818,42016711261
0.24869943,0.103043176,0.007252842,42021784229
0.21969952,0.13604322,-0.016747033,42026857152
0.19569951,0.14504312,-0.037747074,42031930319
0.17669953,0.13204321,-0.058747116,42037003011
0.16169956,0.103043176,-0.07474699,42042075944
0.14869952,0.06004319,-0.086747,42047149098
0.14069952,0.013043205,-0.0937471,42052221785
0.13469945,-0.042956684,-0.09674706,42057294939
0.12769948,-0.107956745,-0.0977471,42062367839
0.12169955,-0.17595664,-0.094747,42067440839
0.12569955,-0.24295676,-0.08974709,42072513689
0.13069946,-0.31395677,-0.08474706,42077586689
0.13869946,-0.3869567,-0.07574702,42082659608
0.14669946,-0.46295673,-0.06874705,42087732455
0.15769863,-0.51890504,-0.061749484,42092805455
0.16469873,-0.53990495,-0.054749515,42097878373
0.16469873,-0.519905,-0.04274951,42102951296
0.1516987,-0.46590498,-0.03174954,42108024464
0.12669864,-0.390905,-0.021749467,42113097387
0.09569867,-0.311905,-0.0107494965,42118170319
0.06469869,-0.23090494,2.5034152E-4,42123243319
0.031698644,-0.15290497,0.012250346,42128316160
0.0036986326,-0.07990491,0.02025035,42133389083
-0.016301243,-0.031905018,0.02425035,42138462074
-0.032301247,0.0010948944,0.029250387,42143534920
-0.03730115,0.022094935,0.034250423,42148607934
-0.03730115,0.033094905,0.036250357,42153680857
-0.028301246,0.043094978,0.036250357,42158754011
-0.020301243,0.04409488,0.032250356,42163826934
-0.017301142,0.030094938,0.03025042,42168899847
-0.022301178,0.0060949298,0.029250387,42173972770
-0.034301184,-0.031905018,0.023250317,42179045468
-0.042301185,-0.07990491,0.019250317,42184118622
-0.048301253,-0.12190499,0.012250346,42189191579
-0.044301253,-0.14890496,0.008250345,42194264502
-0.042301185,-0.15690497,0.0032503095,42199337487
-0.035301216,-0.14290503,-0.002749493,42204410410
-0.03330115,-0.11990492,-0.008749562,42209483333
-0.032301247,-0.08990498,-0.009749463,42214556256
-0.032301247,-0.052904926,-0.0107494965,42219629184
-0.032301247,-0.011905011,-0.009749463,42224702107
-0.022301178,0.028094871,-0.0047495607,42229775261
-0.008301239,0.06909492,2.5034152E-4,42234847967
0.007698634,0.10309487,0.0052503766,42239921121
0.026698608,0.12909494,0.010250412,42244994044
0.048698682,0.13909489,0.017250381,42250066737
0.07169866,0.14309488,0.02425035,42255139901
0.0966987,0.13809498,0.03125032,42260212824
0.12169861,0.13709494,0.040250357,42265285829
0.13969868,0.14209498,0.046250425,42270358752
0.15369862,0.14309488,0.050250296,42275431911
0.1596987,0.13909489,0.054250296,42280504603
0.16669866,0.13009498,0.056250364,42285577516
0.16569863,0.12709488,0.052250363,42290650439
0.15869866,0.12009491,0.048250362,42295723381
0.14869872,0.10909494,0.036250357,42300796535
0.13869865,0.10709487,0.021250384,42305869458
0.12669864,0.11309494,0.004250343,42310942458
0.10769867,0.12609498,-0.012749564,42316015304
0.08269863,0.14709489,-0.030749504,42321088304
0.05869862,0.16609485,-0.045749478,42326161213
0.034698613,0.18409494,-0.058749516,42331234060
0.009698701,0.19309497,-0.07474952,42336307064
-0.015301209,0.19209494,-0.08774956,42341379987
-0.03630125,0.18509497,-0.102749534,42346453160
-0.05430119,0.17309496,-0.114749536,42351525852
-0.07330117,0.15609492,-0.124749474,42356598992
-0.09730118,0.14309488,-0.13374951,42361671915
-0.12230122,0.13509488,-0.14174952,42366744838
-0.14030115,0.13809498,-0.14474948,42371817761
-0.1493012,0.14709489,-0.14374945,42376890665
-0.1533012,0.14909495,-0.14574952,42381963665
-0.15130126,0.146095,-0.14574952,42387036554
-0.15030123,0.14309488,-0.14474948,42392109477
-0.14730126,0.14309488,-0.14374945,42397182400
-0.14830115,0.14009492,-0.14374945,42402255573
-0.15830123,0.12809491,-0.13874955,42407328266
-0.17230117,0.10709487,-0.13274948,42412401415
-0.19030124,0.09009496,-0.121749505,42417474338
-0.20930122,0.07709493,-0.117749505,42422547262
-0.22430119,0.06609496,-0.10774957,42427620262
-0.24030119,0.054094948,-0.09474953,42432693107
-0.2563012,0.05209488,-0.079749554,42437766107
-0.2723012,0.062094953,-0.06274952,42442839030
-0.28630129,0.08909493,-0.04674951,42447911953
-0.29630122,0.12609498,-0.034749504,42452984891
-0.29630122,0.15609492,-0.021749467,42458057814
-0.2923012,0.17709497,-0.009749463,42463130953
-0.28930125,0.19609495,0.0012503752,42468203876
-0.28730118,0.21409488,0.010250412,42473276799
-0.28530124,0.22709492,0.015250314,42478349757
-0.28330117,0.23609495,0.02025035,42483422757
-0.28230128,0.23509492,0.023250317,42488495670
-0.27030128,0.22009495,0.021250384,42493568593
-0.2563012,0.19009487,0.017250381,42498641503
-0.24330117,0.14509495,0.010250412,42503714426
-0.23430127,0.09009496,0.004250343,42508787598
-0.22230126,0.03709491,-0.002749493,42513860522
-0.2123012,0.005094896,-0.006749495,42518933431
-0.20530123,-0.00890491,-0.009749463,42524006354
-0.20230125,-0.0069049755,-0.016749565,42529079368
-0.20430118,9.486065E-5,-0.019749533,42534152291
-0.21630119,0.010094931,-0.019749533,42539225214
-0.2313013,0.009094898,-0.0227495,42544298137
-0.24930124,-0.0019049403,-0.0227495,42549371089
-0.26930124,-0.022904983,-0.020749567,42554444243
-0.28430122,-0.044904925,-0.017749466,42559517214
-0.29330125,-0.059904896,-0.014749498,42564590137
-0.2953012,-0.06990497,-0.006749495,42569663040
-0.28730118,-0.07390497,0.004250343,42574736040
-0.27830115,-0.070905,0.017250381,42579808882
-0.26230127,-0.064904936,0.03025042,42584881882
-0.23830126,-0.046904992,0.045250393,42589954801
-0.20630205,-0.031851992,0.060247835,42595027724
-0.1683021,-0.018851954,0.07524781,42600100652
-0.12230202,-0.008852017,0.092247844,42605173575
-0.068302065,-0.021851921,0.10724782,42610246743
-0.010302106,-0.0568519,0.12224779,42615319666
0.03369778,-0.10785203,0.13524783,42620392584
0.06469776,-0.17785199,0.1382478,42625465507
0.08069777,-0.24585201,0.1412479,42630538507
0.07869783,-0.28585202,0.1412479,42635611454
0.053697787,-0.296852,0.14024787,42640684300
0.0076978346,-0.29185197,0.1302478,42645757286
-0.052302055,-0.272852,0.123247825,42650830209
-0.12730205,-0.24985202,0.112247854,42655903151
-0.20530201,-0.23385201,0.09624785,42660976305
-0.28230208,-0.22785194,0.07224784,42666049236
-0.359302,-0.22685191,0.04124786,42671122159
-0.42230213,-0.23985194,0.010247881,42676195132
-0.47730213,-0.253852,-0.018752031,42681268056
-0.5163021,-0.25785202,-0.04075197,42686340959
-0.541302,-0.252852,-0.054752044,42691413882
-0.5553021,-0.24585201,-0.06475198,42696486781
-0.55830204,-0.24185202,-0.066752054,42701559704
-0.5513021,-0.23485191,-0.05875205,42706632622
-0.53030205,-0.221852,-0.041752007,42711705545
-0.49930206,-0.20785193,-0.016751964,42716778690
-0.45830202,-0.19785199,0.015247783,42721851613
-0.4053021,-0.20385192,0.053247865,42726924598
-0.343302,-0.22685191,0.08124787,42731997521
-0.27830207,-0.27385202,0.109247886,42737070449
-0.20230205,-0.34685194,0.13924783,42742143372
-0.12930198,-0.43685192,0.16624781,42747216300
-0.070301995,-0.522852,0.18824789,42752289454
-0.028302046,-0.58785206,0.20724785,42757362151
-0.015302008,-0.62185204,0.22124779,42762435304
-0.02230211,-0.62985206,0.23524787,42767508208
-0.041302085,-0.62985206,0.2402479,42772581208
-0.0733021,-0.62385195,0.23824784,42777654113
-0.12030208,-0.61985195,0.2332478,42782727036
-0.17330201,-0.6038521,0.22224784,42787799959
-0.23030207,-0.565852,0.20524779,42792872872
-0.28130203,-0.50485194,0.18924779,42797946026
-0.32130206,-0.43685192,0.17324792,42803018709
-0.3503021,-0.35685202,0.15524784,42808091863
-0.37230206,-0.27185196,0.13624786,42813164791
-0.3853021,-0.19185193,0.123247825,42818237791
-0.38330203,-0.118852,0.11024779,42823310709
-0.3703021,-0.058851972,0.101247884,42828383863
-0.34030205,-0.018851954,0.09724788,42833456502
-0.29930198,0.004147888,0.09724788,42838529425
-0.25330204,0.016147893,0.10024785,42843602613
-0.20630205,0.02514793,0.105247885,42848675536
-0.15730199,0.027147865,0.112247854,42853748564
-0.11530205,0.020147895,0.12224779,42858821487
-0.0853021,0.010147957,0.12824786,42863894434
-0.070301995,-0.007851983,0.1382478,42868967358
-0.0693021,-0.01685202,0.1462478,42874040526
-0.07630207,-0.010851951,0.15224788,42879113450
-0.094302006,0.01814796,0.15524784,42884186137
-0.12530212,0.058147978,0.15524784,42889259291
-0.16730207,0.089147955,0.15324791,42894332214
-0.21330202,0.103147894,0.14824787,42899405195
-0.25830206,0.10814793,0.13924783,42904478118
-0.30430204,0.11014786,0.1252479,42909551262
-0.3383021,0.118147865,0.11024779,42914623954
-0.36830205,0.13214794,0.09424778,42919696896
-0.39030212,0.16414796,0.07624784,42924770050
-0.41430214,0.2101479,0.0582479,42929842973
-0.4323021,0.26014787,0.043247793,42934915896
-0.43930206,0.30614793,0.03024789,42939988839
-0.43430215,0.35014796,0.021247853,42945061762
-0.41830215,0.391148,0.0132478485,42950134795
-0.39230207,0.41914788,0.010247881,42955207718
-0.35730207,0.43314797,0.008247813,42960280657
-0.31530198,0.426148,0.006247879,42965353580
-0.26830202,0.40214798,2.4781012E-4,42970426729
-0.21630213,0.36214796,-0.004752092,42975499652
-0.1603021,0.32114792,-0.00775206,42980572647
-0.10330205,0.2811479,-0.010752028,42985645570
-0.05030212,0.25614786,-0.011752062,42990718401
0.0016977658,0.24814798,-0.012752095,42995791401
0.053697787,0.26014787,-0.016751964,43000864608
0.1016978,0.2891479,-0.014752029,43005937300
0.14969783,0.31014794,-0.012752095,43011010435
0.19669782,0.32514793,-0.011752062,43016083358
0.2476978,0.33814797,-0.010752028,43021156271
0.2906979,0.35014796,-0.009751994,43026229271
0.3216979,0.3601479,-0.009751994,43031302204
0.34869787,0.37414798,-0.0037520584,43036375050
0.3696979,0.4001479,0.0042478116,43041448055
0.3896979,0.42914796,0.008247813,43046520978
0.40769786,0.45014787,0.012247815,43051594122
0.4246979,0.45814788,0.015247783,43056667045
0.4416978,0.46014795,0.018247884,43061740001
0.45869786,0.45814788,0.018247884,43066812925
0.4716979,0.45314798,0.018247884,43071885925
0.4846978,0.44514796,0.018247884,43076958848
0.49669793,0.426148,0.015247783,43082031771
0.49969777,0.3961479,0.011247781,43087104911
0.5046979,0.35314792,0.0072477795,43092177603
0.5026979,0.31014794,0.0022478774,43097250762
0.49369782,0.27314788,-0.0037520584,43102323685
0.48269784,0.24114788,-0.0067520263,43107396671
0.46569782,0.21414791,-0.009751994,43112469517
0.44469792,0.1861479,-0.012752095,43117542512
0.4246979,0.16214788,-0.014752029,43122615666
0.40169793,0.14214788,-0.021751998,43127688343
0.3786978,0.1271479,-0.024751967,43132761497
0.35969785,0.116147935,-0.026752034,43137834425
0.33969784,0.111147895,-0.030752035,43142907425
0.32069787,0.109147966,-0.037752006,43147980285
0.3056979,0.111147895,-0.043752074,43153053285
0.29269785,0.109147966,-0.052751977,43158126232
0.2836978,0.109147966,-0.060751982,43163199156
0.2756978,0.10814793,-0.069752015,43168272314
0.26669776,0.103147894,-0.07975209,43173345238
0.26169786,0.093147956,-0.088751994,43178418253
0.26469785,0.08614785,-0.0957521,43183491099
0.26969787,0.07714795,-0.1037521,43188564099
0.27769786,0.07314795,-0.11075207,43193637022
0.28169787,0.07514788,-0.11775204,43198710180
0.2796978,0.07714795,-0.119751975,43203782872
0.27769786,0.08214785,-0.12075201,43208856041
0.2786978,0.085147955,-0.12475201,43213928964
0.28069785,0.078147985,-0.12575205,43219001896
0.28869784,0.06814791,-0.12675208,43224074896
0.29669785,0.055147875,-0.12575205,43229147819
0.3066978,0.04314787,-0.12475201,43234220945
0.3146978,0.03914787,-0.12275207,43239293637
0.3266978,0.03914787,-0.12175204,43244366786
0.33969784,0.040147904,-0.123751976,43249439709
0.3546978,0.03914787,-0.12775198,43254512632
0.3736979,0.030147966,-0.13375205,43259585632
0.40169793,0.016147893,-0.14075202,43264658560
0.44469792,-0.010851951,-0.15075208,43269731714
0.5086978,-0.055852003,-0.15975198,43274804411
0.58069783,-0.09585202,-0.17475209,43279877564
0.64069784,-0.123851895,-0.18575206,43284950464
0.69169784,-0.122852,-0.199752,43290023464
0.7396979,-0.086851984,-0.20875204,43295096392
0.7816979,-0.028852025,-0.21775208,43300169315
0.81869787,0.04214797,-0.22675198,43305242469
0.8516979,0.11314797,-0.23375209,43310315161
0.8886978,0.17614795,-0.23675205,43315388070
0.9206978,0.23214798,-0.23575202,43320461224
0.94969785,0.29014793,-0.23275205,43325534195
0.9656979,0.347148,-0.22675198,43330607118
0.9656979,0.40914795,-0.22475205,43335680002
0.9546979,0.45414788,-0.223752,43340753156
0.93269795,0.4791479,-0.22475205,43345825815
0.90069795,0.48814794,-0.21875198,43350898969
0.8636979,0.4791479,-0.215752,43355971882
0.82169795,0.45314798,-0.20975207,43361044805
0.7776979,0.410148,-0.20875204,43366117795
0.7306978,0.3601479,-0.20475204,43371190718
0.6836978,0.31014794,-0.20175207,43376263622
0.6366978,0.25114796,-0.19475196,43381336546
0.5916978,0.1781479,-0.1827521,43386409699
0.5536978,0.08814792,-0.167752,43391482618
0.5256978,-0.011851985,-0.15475209,43396555541
0.50369775,-0.123851895,-0.13875207,43401628469
0.4876979,-0.23185194,-0.12175204,43406701469
0.47869787,-0.32585204,-0.100751996,43411774407
0.46669784,-0.39485198,-0.078752056,43416847330
0.4526979,-0.43885198,-0.05675198,43421920243
0.43869784,-0.458852,-0.033752,43426993397
0.43169788,-0.446852,-0.00775206,43432066406
0.4366979,-0.39785194,0.019247785,43437139252
0.44269785,-0.316852,0.04124786,43442212252
0.44369787,-0.21085203,0.0632478,43447285406
0.4296978,-0.101851955,0.08424784,43452358098
0.4086979,0.0011479204,0.09724788,43457431252
0.3776979,0.08314788,0.10724782,43462503944
0.34369785,0.13314797,0.11824779,43467577118
0.32069787,0.15214795,0.1252479,43472650118
0.30769783,0.14514798,0.1302478,43477723026
0.30369782,0.12114797,0.1382478,43482795949
0.29969782,0.08714789,0.14024787,43487869083
0.2906979,0.045147937,0.14824787,43492942006
0.28169787,0.007147856,0.15824781,43498014929
0.27269784,-0.033851925,0.16124791,43503087853
0.26969787,-0.078851976,0.16724785,43508160824
0.27069777,-0.121851966,0.17324792,43513233824
0.27269784,-0.15185204,0.18124792,43518306785
0.2796978,-0.17185192,0.18524791,43523379939
0.28669792,-0.18385193,0.18824789,43528452858
0.29269785,-0.18685202,0.18924779,43533525858
0.2956978,-0.18185198,0.19224788,43538598771
0.30369782,-0.16485195,0.19324791,43543671617
0.3146978,-0.138852,0.19324791,43548744622
0.32469785,-0.11085199,0.18624781,43553817545
0.33169782,-0.083852015,0.18024789,43558890708
0.33969784,-0.055852003,0.17424782,43563963631
0.35069782,-0.039851997,0.16824788,43569036641
0.36469787,-0.03485196,0.1572479,43574109564
0.3776979,-0.04185193,0.1462478,43579182496
0.39169785,-0.0528519,0.14024787,43584255419
0.4086979,-0.0648519,0.13524783,43589328342
0.4216978,-0.081851944,0.1262478,43594401496
0.42869684,-0.0967889,0.11824486,43599474419
0.42969686,-0.109788805,0.11124489,43604547415
0.42469683,-0.11178888,0.102244854,43609620338
0.41069677,-0.105788805,0.095244884,43614693482
0.38869682,-0.098788835,0.09024485,43619766405
0.35969678,-0.08578893,0.08524481,43624839127
0.32969683,-0.067788854,0.079244874,43629912281
0.29369682,-0.051788848,0.07424484,43634985184
0.25969687,-0.03878881,0.068244904,43640058184
0.21769679,-0.025788905,0.061244804,43645131136
0.1696969,-0.007788832,0.051244866,43650204290
0.12069685,0.015211011,0.04324486,43655277223
0.07069676,0.041210953,0.037244793,43660350223
0.021696841,0.07321097,0.027244857,43665423093
-0.02730308,0.110211015,0.019244853,43670496016
-0.07430306,0.15521106,0.019244853,43675569001
-0.11730305,0.19821104,0.015244852,43680641924
-0.14430302,0.21221098,0.010244817,43685715050
-0.15330306,0.18821098,0.010244817,43690787973
-0.1343031,0.15521106,0.010244817,43695860987
-0.10430301,0.12521099,0.009244783,43700933833
-0.05530309,0.106211014,0.006244815,43706006838
0.08069683,0.11221095,-0.0017550552,43711079992
0.11369675,0.14821096,-0.012755026,43716152669
0.022696875,0.17721102,-0.007754991,43721225823
-0.041303016,0.20621106,0.014244818,43726298756
-0.05530309,0.28921106,0.03524486,43731371756
-0.050303053,0.38821107,0.031244857,43736444679
-0.04830312,0.43321112,0.020244887,43741517833
-0.050303053,0.39121103,0.013244784,43746590516
-0.061303027,0.28521106,0.010244817,43751663669
-0.088303134,0.18221104,0.0052447813,43756736674
-0.12930305,0.12021095,-0.0087550245,43761809521
-0.1703031,0.08521097,-0.023754997,43766882521
-0.21530302,0.060211062,-0.027755,43771955420
-0.250303,0.052211057,-0.019754997,43777028343
-0.26030308,0.05621106,-0.012755026,43782101497
-0.23030312,0.070211,-0.022754963,43787174420
-0.18330301,0.082211,-0.045755073,43792247338
-0.15930313,0.08521097,-0.068755046,43797320338
-0.16430303,0.06921097,-0.073755085,43802393511
-0.1823031,0.060211062,-0.07275505,43807466203
-0.20430306,0.088211074,-0.071755014,43812539333
-0.23530303,0.157211,-0.07475498,43817612256
-0.27430314,0.22721097,-0.078754984,43822685184
-0.32030308,0.27521098,-0.080755055,43827758184
-0.361303,0.27421108,-0.084755056,43832831088
-0.3953031,0.22121103,-0.09075499,43837904011
-0.41730303,0.13821103,-0.10075506,43842976934
-0.42930305,0.03921102,-0.1137551,43848050079
-0.43630302,-0.05778892,-0.12975498,43853123002
-0.44530305,-0.13978888,-0.14075507,43858196011
-0.45230302,-0.1877889,-0.14575511,43863268934
-0.4583031,-0.19878888,-0.14975499,43868341857
-0.46830302,-0.1837889,-0.15175505,43873415011
-0.46730313,-0.14778888,-0.15075502,43878487934
-0.4553031,-0.10778887,-0.14275502,43883560934
-0.43730304,-0.064788885,-0.13575505,43888633790
-0.41430306,-0.03378891,-0.126755,43893706790
-0.3913031,-0.011788833,-0.118755005,43898779699
-0.37030303,0.02221098,-0.1057551,43903852853
-0.3483031,0.068211064,-0.08975509,43908925767
-0.32330307,0.078211,-0.069755085,43913998690
-0.2923031,0.04321102,-0.047755007,43919071671
-0.25830314,-0.0137889,-0.028755033,43924144594
-0.23030312,-0.073788926,-0.004755023,43929217748
-0.20630312,-0.10778887,0.021244787,43934290671
-0.19130301,-0.105788805,0.04224483,43939363695
-0.19530314,-0.08178893,0.05924487,43944436541
-0.21730308,-0.046788815,0.068244904,43949509554
-0.2493031,-0.0137889,0.072244905,43954582708
-0.28430307,0.01121101,0.07024484,43959655391
-0.3133031,0.024211047,0.061244804,43964728545
-0.3363031,0.03521102,0.04224483,43969801449
-0.35730302,0.048211057,0.014244818,43974874449
-0.38230306,0.074211,-0.01375506,43979947391
-0.4073031,0.114211015,-0.044755038,43985020545
-0.43630302,0.17621097,-0.069755085,43990093468
-0.47130314,0.25521097,-0.09075499,43995166391
-0.50830305,0.34021103,-0.10775503,44000239400
-0.5353032,0.42221102,-0.1177551,44005312323
-0.5463031,0.489211,-0.12475507,44010385241
-0.5393031,0.528211,-0.12975498,44015458165
-0.51730305,0.52321094,-0.13575505,44020531318
-0.48330313,0.481211,-0.13275507,44025604241
-0.43830308,0.40821108,-0.122755006,44030677241
-0.3763031,0.3022111,-0.10375503,44035750165
-0.30130312,0.16221103,-0.084755056,44040823103
-0.21430312,0.019211013,-0.071755014,44045896257
-0.14030303,-0.11078884,-0.06275498,44050969165
-0.0833031,-0.20978884,-0.051755007,44056042165
-0.04830312,-0.27378887,-0.03875497,44061115088
-0.033303015,-0.30478886,-0.02475503,44066188242
-0.036303114,-0.30478886,-0.009755058,44071261165
-0.04930302,-0.2827889,-0.0017550552,44076334079
-0.068303,-0.24478883,-0.004755023,44081407002
-0.09230301,-0.19178891,-0.0087550245,44086480011
-0.12730312,-0.14178883,-0.01375506,44091552934
-0.18030304,-0.08678883,-0.023754997,44096625862
-0.23630346,-0.020766087,-0.040756103,44101699016
-0.29530346,0.061233744,-0.06275618,44106771929
-0.35030344,0.15323378,-0.08375609,44111844929
-0.40630347,0.25923374,-0.10375609,44116917844
-0.45930338,0.36823383,-0.12575617,44121990998
-0.50230336,0.46623382,-0.14575619,44127063680
-0.53430337,0.5462337,-0.16575605,44132136603
